# Blender v2.81 (sub 16) OBJ File: 'mario question block shader.blend'
# www.blender.org
mtllib mario question block shader.mtl
o Cube
v 0.899144 2.125704 -1.000000
v 0.899144 2.226560 -0.899144
v 1.000000 2.125704 -0.899144
v 0.899144 0.226560 -0.899144
v 0.899144 0.327416 -1.000000
v 1.000000 0.327416 -0.899144
v 1.000000 2.125704 0.899144
v 0.899144 2.226560 0.899144
v 0.899144 2.125704 1.000000
v 1.000000 0.327416 0.899144
v 0.899144 0.327416 1.000000
v 0.899144 0.226560 0.899144
v -0.899144 2.125704 -1.000000
v -1.000000 2.125704 -0.899144
v -0.899144 2.226560 -0.899144
v -1.000000 0.327416 -0.899144
v -0.899144 0.327416 -1.000000
v -0.899144 0.226560 -0.899144
v -1.000000 2.125704 0.899144
v -0.899144 2.125704 1.000000
v -0.899144 2.226560 0.899144
v -0.899144 0.226560 0.899144
v -0.899144 0.327416 1.000000
v -1.000000 0.327416 0.899144
v 0.814134 2.069374 1.000000
v 0.824747 2.063725 1.000000
v 0.832793 2.057048 1.000000
v 0.841182 2.047119 1.000000
v 0.846660 2.036506 1.000000
v 0.850084 2.025721 1.000000
v 0.851282 2.013224 1.000000
v 0.849741 2.001069 1.000000
v 0.846317 1.990113 1.000000
v 0.839983 1.979157 1.000000
v 0.833136 1.970768 1.000000
v 0.825261 1.964092 1.000000
v 0.815503 1.958956 1.000000
v 0.802664 1.954677 1.000000
v 0.789996 1.953478 1.000000
v 0.778868 1.954677 1.000000
v 0.767741 1.957929 1.000000
v 0.757469 1.963578 1.000000
v 0.748225 1.971111 1.000000
v 0.740864 1.979842 1.000000
v 0.734872 1.991140 1.000000
v 0.731620 2.002439 1.000000
v 0.730250 2.014422 1.000000
v 0.731620 2.025207 1.000000
v 0.735215 2.037362 1.000000
v 0.740693 2.047975 1.000000
v 0.748739 2.057391 1.000000
v 0.758154 2.064581 1.000000
v 0.767912 2.070059 1.000000
v 0.779382 2.073140 1.000000
v 0.791365 2.074339 1.000000
v 0.802321 2.073141 1.000000
v -0.794364 2.074016 1.000000
v -0.782097 2.072968 1.000000
v -0.770278 2.069378 1.000000
v -0.760554 2.063993 1.000000
v -0.751728 2.056513 1.000000
v -0.743949 2.047088 1.000000
v -0.738264 2.036466 1.000000
v -0.735123 2.025246 1.000000
v -0.733926 2.013278 1.000000
v -0.735272 2.001460 1.000000
v -0.738713 1.990390 1.000000
v -0.744697 1.979619 1.000000
v -0.751878 1.970942 1.000000
v -0.761003 1.963611 1.000000
v -0.771625 1.957777 1.000000
v -0.782097 1.954935 1.000000
v -0.794214 1.953439 1.000000
v -0.806631 1.954785 1.000000
v -0.818000 1.958226 1.000000
v -0.828173 1.963911 1.000000
v -0.838047 1.972139 1.000000
v -0.844928 1.980666 1.000000
v -0.850015 1.990091 1.000000
v -0.853755 2.002358 1.000000
v -0.854802 2.014774 1.000000
v -0.853605 2.026443 1.000000
v -0.849865 2.037962 1.000000
v -0.844180 2.048285 1.000000
v -0.836102 2.057560 1.000000
v -0.827874 2.064291 1.000000
v -0.816804 2.070275 1.000000
v -0.806631 2.072968 1.000000
v -0.795234 0.483713 1.000000
v -0.782518 0.482816 1.000000
v -0.771148 0.479225 1.000000
v -0.760527 0.473540 1.000000
v -0.751401 0.465761 1.000000
v -0.743921 0.456636 1.000000
v -0.738685 0.446762 1.000000
v -0.734945 0.434794 1.000000
v -0.734197 0.422378 1.000000
v -0.735244 0.411157 1.000000
v -0.738835 0.399788 1.000000
v -0.744071 0.390064 1.000000
v -0.752149 0.380191 1.000000
v -0.760377 0.373608 1.000000
v -0.770699 0.367774 1.000000
v -0.782518 0.364333 1.000000
v -0.794186 0.363136 1.000000
v -0.805855 0.364183 1.000000
v -0.817973 0.367774 1.000000
v -0.828445 0.373459 1.000000
v -0.835925 0.379742 1.000000
v -0.845050 0.390513 1.000000
v -0.850136 0.400087 1.000000
v -0.853577 0.411906 1.000000
v -0.854774 0.423275 1.000000
v -0.853727 0.434794 1.000000
v -0.850137 0.447211 1.000000
v -0.845200 0.455888 1.000000
v -0.836972 0.466360 1.000000
v -0.827846 0.473840 1.000000
v -0.816776 0.479674 1.000000
v -0.805556 0.482816 1.000000
v 0.790198 0.483729 1.000000
v 0.803213 0.482532 1.000000
v 0.815330 0.478643 1.000000
v 0.824456 0.473556 1.000000
v 0.834030 0.465628 1.000000
v 0.840762 0.457250 1.000000
v 0.846746 0.445881 1.000000
v 0.850187 0.434511 1.000000
v 0.851234 0.422693 1.000000
v 0.849738 0.411323 1.000000
v 0.846597 0.400402 1.000000
v 0.840164 0.388734 1.000000
v 0.832684 0.380057 1.000000
v 0.824605 0.373325 1.000000
v 0.813984 0.367640 1.000000
v 0.802764 0.364349 1.000000
v 0.791394 0.363152 1.000000
v 0.779427 0.364200 1.000000
v 0.767758 0.367640 1.000000
v 0.757435 0.372876 1.000000
v 0.747562 0.381104 1.000000
v 0.740082 0.390529 1.000000
v 0.735295 0.399954 1.000000
v 0.731704 0.410874 1.000000
v 0.730358 0.423441 1.000000
v 0.731405 0.434810 1.000000
v 0.734995 0.446479 1.000000
v 0.740830 0.457100 1.000000
v 0.747861 0.465927 1.000000
v 0.757735 0.473855 1.000000
v 0.767758 0.479391 1.000000
v 0.779875 0.482981 1.000000
v 1.000000 2.074240 -0.790442
v 1.000000 2.073101 -0.802197
v 1.000000 2.069627 -0.813662
v 1.000000 2.064121 -0.823976
v 1.000000 2.056530 -0.833188
v 1.000000 2.047549 -0.840543
v 1.000000 2.037024 -0.846256
v 1.000000 2.025727 -0.849639
v 1.000000 2.013880 -0.850830
v 1.000000 2.002051 -0.849668
v 1.000000 1.990765 -0.846252
v 1.000000 1.980346 -0.840672
v 1.000000 1.971169 -0.833135
v 1.000000 1.963642 -0.823985
v 1.000000 1.958102 -0.813614
v 1.000000 1.954677 -0.802328
v 1.000000 1.953485 -0.790392
v 1.000000 1.954681 -0.778459
v 1.000000 1.958122 -0.767244
v 1.000000 1.963653 -0.756921
v 1.000000 1.971127 -0.747802
v 1.000000 1.980359 -0.740220
v 1.000000 1.990764 -0.734655
v 1.000000 2.002104 -0.731215
v 1.000000 2.013883 -0.730076
v 1.000000 2.025602 -0.731210
v 1.000000 2.037000 -0.734651
v 1.000000 2.047283 -0.740099
v 1.000000 2.056548 -0.747694
v 1.000000 2.064048 -0.756844
v 1.000000 2.069699 -0.767393
v 1.000000 2.073077 -0.778555
v 1.000000 2.074271 0.794671
v 1.000000 2.073079 0.782887
v 1.000000 2.069720 0.771687
v 1.000000 2.064069 0.761122
v 1.000000 2.056604 0.752041
v 1.000000 2.047493 0.744517
v 1.000000 2.037026 0.738939
v 1.000000 2.025704 0.735503
v 1.000000 2.013875 0.734345
v 1.000000 2.002178 0.735469
v 1.000000 1.990749 0.738934
v 1.000000 1.980270 0.744570
v 1.000000 1.971204 0.752050
v 1.000000 1.963601 0.761266
v 1.000000 1.958095 0.771561
v 1.000000 1.954654 0.782781
v 1.000000 1.953457 0.795048
v 1.000000 1.954683 0.806536
v 1.000000 1.958244 0.818236
v 1.000000 1.963749 0.828376
v 1.000000 1.971226 0.837469
v 1.000000 1.980354 0.844924
v 1.000000 1.990823 0.850486
v 1.000000 2.002028 0.853932
v 1.000000 2.013894 0.855079
v 1.000000 2.025670 0.853927
v 1.000000 2.037059 0.850491
v 1.000000 2.047477 0.844889
v 1.000000 2.056623 0.837375
v 1.000000 2.064045 0.828283
v 1.000000 2.069671 0.817816
v 1.000000 2.073117 0.806559
v 1.000000 0.483815 0.794714
v 1.000000 0.482666 0.782916
v 1.000000 0.479210 0.771560
v 1.000000 0.473763 0.761277
v 1.000000 0.466109 0.751935
v 1.000000 0.457042 0.744542
v 1.000000 0.446671 0.738944
v 1.000000 0.435152 0.735459
v 1.000000 0.423439 0.734315
v 1.000000 0.411663 0.735478
v 1.000000 0.400332 0.738917
v 1.000000 0.389893 0.744495
v 1.000000 0.380743 0.752004
v 1.000000 0.373230 0.761162
v 1.000000 0.367654 0.771589
v 1.000000 0.364213 0.782941
v 1.000000 0.363054 0.794695
v 1.000000 0.364220 0.806477
v 1.000000 0.367656 0.817807
v 1.000000 0.373249 0.828265
v 1.000000 0.380746 0.837414
v 1.000000 0.389875 0.844904
v 1.000000 0.400307 0.850491
v 1.000000 0.411693 0.853949
v 1.000000 0.423444 0.855119
v 1.000000 0.435223 0.853922
v 1.000000 0.446631 0.850453
v 1.000000 0.457066 0.844859
v 1.000000 0.466191 0.837379
v 1.000000 0.473623 0.828288
v 1.000000 0.479224 0.817880
v 1.000000 0.482700 0.806365
v 1.000000 0.483835 -0.790467
v 1.000000 0.482683 -0.802156
v 1.000000 0.479219 -0.813580
v 1.000000 0.473664 -0.824003
v 1.000000 0.466161 -0.833123
v 1.000000 0.457012 -0.840628
v 1.000000 0.446547 -0.846234
v 1.000000 0.435223 -0.849672
v 1.000000 0.423442 -0.850832
v 1.000000 0.411689 -0.849684
v 1.000000 0.400332 -0.846243
v 1.000000 0.389867 -0.840632
v 1.000000 0.380774 -0.833173
v 1.000000 0.373218 -0.823975
v 1.000000 0.367657 -0.813540
v 1.000000 0.364227 -0.802257
v 1.000000 0.363059 -0.790452
v 1.000000 0.364212 -0.778713
v 1.000000 0.367670 -0.767316
v 1.000000 0.373242 -0.756884
v 1.000000 0.380774 -0.747712
v 1.000000 0.389881 -0.740241
v 1.000000 0.400332 -0.734645
v 1.000000 0.411635 -0.731230
v 1.000000 0.423458 -0.730058
v 1.000000 0.435222 -0.731221
v 1.000000 0.446549 -0.734671
v 1.000000 0.456978 -0.740217
v 1.000000 0.466175 -0.747774
v 1.000000 0.473651 -0.756895
v 1.000000 0.479240 -0.767353
v 1.000000 0.482669 -0.778634
v -0.794493 2.074264 -1.000000
v -0.806159 2.073124 -1.000000
v -0.817651 2.069611 -1.000000
v -0.827993 2.064071 -1.000000
v -0.837152 2.056582 -1.000000
v -0.844602 2.047467 -1.000000
v -0.850176 2.037097 -1.000000
v -0.853631 2.025700 -1.000000
v -0.854800 2.013868 -1.000000
v -0.853623 2.002012 -1.000000
v -0.850226 1.990841 -1.000000
v -0.844575 1.980287 -1.000000
v -0.837269 1.971296 -1.000000
v -0.827964 1.963689 -1.000000
v -0.817618 1.958107 -1.000000
v -0.806229 1.954637 -1.000000
v -0.794447 1.953505 -1.000000
v -0.782623 1.954670 -1.000000
v -0.771372 1.958053 -1.000000
v -0.760842 1.963715 -1.000000
v -0.751708 1.971175 -1.000000
v -0.744231 1.980335 -1.000000
v -0.738651 1.990744 -1.000000
v -0.735199 2.002088 -1.000000
v -0.734050 2.013852 -1.000000
v -0.735181 2.025631 -1.000000
v -0.738613 2.036952 -1.000000
v -0.744220 2.047442 -1.000000
v -0.751728 2.056596 -1.000000
v -0.760884 2.064087 -1.000000
v -0.771274 2.069649 -1.000000
v -0.782677 2.073133 -1.000000
v 0.790730 2.074270 -1.000000
v 0.778874 2.073099 -1.000000
v 0.767614 2.069678 -1.000000
v 0.757249 2.064146 -1.000000
v 0.748018 2.056581 -1.000000
v 0.740522 2.047457 -1.000000
v 0.734952 2.037029 -1.000000
v 0.731496 2.025630 -1.000000
v 0.730332 2.013937 -1.000000
v 0.731525 2.002110 -1.000000
v 0.734935 1.990820 -1.000000
v 0.740486 1.980354 -1.000000
v 0.748012 1.971180 -1.000000
v 0.757156 1.963695 -1.000000
v 0.767587 1.958104 -1.000000
v 0.778903 1.954651 -1.000000
v 0.790666 1.953503 -1.000000
v 0.802532 1.954666 -1.000000
v 0.813840 1.958075 -1.000000
v 0.824357 1.963740 -1.000000
v 0.833389 1.971141 -1.000000
v 0.840897 1.980245 -1.000000
v 0.846552 1.990842 -1.000000
v 0.849956 2.002100 -1.000000
v 0.851132 2.013955 -1.000000
v 0.849959 2.025669 -1.000000
v 0.846478 2.037084 -1.000000
v 0.840970 2.047431 -1.000000
v 0.833435 2.056551 -1.000000
v 0.824295 2.064063 -1.000000
v 0.813840 2.069684 -1.000000
v 0.802554 2.073122 -1.000000
v 0.790753 0.483826 -1.000000
v 0.778912 0.482659 -1.000000
v 0.767634 0.479231 -1.000000
v 0.757253 0.473679 -1.000000
v 0.748046 0.466168 -1.000000
v 0.740576 0.457052 -1.000000
v 0.734948 0.446540 -1.000000
v 0.731497 0.435218 -1.000000
v 0.730357 0.423464 -1.000000
v 0.731489 0.411687 -1.000000
v 0.734964 0.400266 -1.000000
v 0.740533 0.389871 -1.000000
v 0.748007 0.380774 -1.000000
v 0.757165 0.373248 -1.000000
v 0.767552 0.367680 -1.000000
v 0.778976 0.364200 -1.000000
v 0.790727 0.363059 -1.000000
v 0.802475 0.364204 -1.000000
v 0.813872 0.367659 -1.000000
v 0.824305 0.373244 -1.000000
v 0.833455 0.380760 -1.000000
v 0.840947 0.389881 -1.000000
v 0.846527 0.400353 -1.000000
v 0.849963 0.411674 -1.000000
v 0.851128 0.423428 -1.000000
v 0.849962 0.435220 -1.000000
v 0.846527 0.446528 -1.000000
v 0.840969 0.456960 -1.000000
v 0.833441 0.466147 -1.000000
v 0.824306 0.473637 -1.000000
v 0.813860 0.479238 -1.000000
v 0.802547 0.482669 -1.000000
v -0.794501 0.483828 -1.000000
v -0.806157 0.482675 -1.000000
v -0.817509 0.479236 -1.000000
v -0.827951 0.473666 -1.000000
v -0.837143 0.466137 -1.000000
v -0.844627 0.457000 -1.000000
v -0.850230 0.446534 -1.000000
v -0.853652 0.435268 -1.000000
v -0.854824 0.423379 -1.000000
v -0.853646 0.411666 -1.000000
v -0.850206 0.400316 -1.000000
v -0.844604 0.389845 -1.000000
v -0.837108 0.380735 -1.000000
v -0.827959 0.373198 -1.000000
v -0.817466 0.367624 -1.000000
v -0.806116 0.364217 -1.000000
v -0.794312 0.363045 -1.000000
v -0.782643 0.364198 -1.000000
v -0.771231 0.367711 -1.000000
v -0.760799 0.373260 -1.000000
v -0.751755 0.380745 -1.000000
v -0.744207 0.389891 -1.000000
v -0.738658 0.400275 -1.000000
v -0.735215 0.411681 -1.000000
v -0.734051 0.423370 -1.000000
v -0.735181 0.435194 -1.000000
v -0.738658 0.446593 -1.000000
v -0.744212 0.456970 -1.000000
v -0.751741 0.466176 -1.000000
v -0.760863 0.473652 -1.000000
v -0.771373 0.479259 -1.000000
v -0.782733 0.482699 -1.000000
v -1.000000 2.074264 0.794681
v -1.000000 2.073109 0.806460
v -1.000000 2.069677 0.817800
v -1.000000 2.064063 0.828286
v -1.000000 2.056593 0.837406
v -1.000000 2.047456 0.844892
v -1.000000 2.037000 0.850500
v -1.000000 2.025679 0.853932
v -1.000000 2.013887 0.855086
v -1.000000 2.002132 0.853948
v -1.000000 1.990805 0.850505
v -1.000000 1.980360 0.844925
v -1.000000 1.971207 0.837399
v -1.000000 1.963743 0.828335
v -1.000000 1.958116 0.817861
v -1.000000 1.954640 0.806472
v -1.000000 1.953485 0.794718
v -1.000000 1.954648 0.782925
v -1.000000 1.958115 0.771561
v -1.000000 1.963687 0.761140
v -1.000000 1.971159 0.752025
v -1.000000 1.980316 0.744502
v -1.000000 1.990764 0.738925
v -1.000000 2.002115 0.735474
v -1.000000 2.013894 0.734303
v -1.000000 2.025697 0.735484
v -1.000000 2.037004 0.738921
v -1.000000 2.047453 0.744501
v -1.000000 2.056586 0.752012
v -1.000000 2.064090 0.761145
v -1.000000 2.069684 0.771605
v -1.000000 2.073109 0.782903
v -1.000000 2.074282 -0.790420
v -1.000000 2.073107 -0.778683
v -1.000000 2.069666 -0.767342
v -1.000000 2.064099 -0.756886
v -1.000000 2.056588 -0.747735
v -1.000000 2.047445 -0.740249
v -1.000000 2.036987 -0.734652
v -1.000000 2.025659 -0.731213
v -1.000000 2.013881 -0.730057
v -1.000000 2.002108 -0.731217
v -1.000000 1.990783 -0.734659
v -1.000000 1.980304 -0.740249
v -1.000000 1.971223 -0.747704
v -1.000000 1.963692 -0.756853
v -1.000000 1.958091 -0.767324
v -1.000000 1.954652 -0.778674
v -1.000000 1.953484 -0.790451
v -1.000000 1.954654 -0.802219
v -1.000000 1.958095 -0.813566
v -1.000000 1.963672 -0.824001
v -1.000000 1.971185 -0.833144
v -1.000000 1.980327 -0.840655
v -1.000000 1.990767 -0.846238
v -1.000000 2.002105 -0.849672
v -1.000000 2.013877 -0.850831
v -1.000000 2.025640 -0.849679
v -1.000000 2.036973 -0.846246
v -1.000000 2.047451 -0.840635
v -1.000000 2.056577 -0.833145
v -1.000000 2.064082 -0.823994
v -1.000000 2.069681 -0.813541
v -1.000000 2.073095 -0.802238
v -1.000000 0.483840 -0.790451
v -1.000000 0.482675 -0.778683
v -1.000000 0.479222 -0.767276
v -1.000000 0.473645 -0.756894
v -1.000000 0.466177 -0.747775
v -1.000000 0.457014 -0.740248
v -1.000000 0.446560 -0.734662
v -1.000000 0.435236 -0.731219
v -1.000000 0.423478 -0.730053
v -1.000000 0.411650 -0.731213
v -1.000000 0.400364 -0.734636
v -1.000000 0.389919 -0.740214
v -1.000000 0.380740 -0.747737
v -1.000000 0.373251 -0.756879
v -1.000000 0.367663 -0.767323
v -1.000000 0.364209 -0.778685
v -1.000000 0.363056 -0.790445
v -1.000000 0.364220 -0.802238
v -1.000000 0.367672 -0.813584
v -1.000000 0.373234 -0.823986
v -1.000000 0.380734 -0.833135
v -1.000000 0.389887 -0.840645
v -1.000000 0.400344 -0.846239
v -1.000000 0.411678 -0.849680
v -1.000000 0.423480 -0.850828
v -1.000000 0.435163 -0.849684
v -1.000000 0.446570 -0.846239
v -1.000000 0.456965 -0.840661
v -1.000000 0.466111 -0.833161
v -1.000000 0.473625 -0.824026
v -1.000000 0.479240 -0.813534
v -1.000000 0.482663 -0.802290
v -1.000000 0.483831 0.794687
v -1.000000 0.482674 0.806498
v -1.000000 0.479242 0.817798
v -1.000000 0.473650 0.828246
v -1.000000 0.466166 0.837380
v -1.000000 0.456992 0.844912
v -1.000000 0.446564 0.850492
v -1.000000 0.435231 0.853925
v -1.000000 0.423457 0.855085
v -1.000000 0.411408 0.853860
v -1.000000 0.400239 0.850470
v -1.000000 0.389817 0.844835
v -1.000000 0.380795 0.837409
v -1.000000 0.373363 0.828430
v -1.000000 0.367676 0.817906
v -1.000000 0.364197 0.806533
v -1.000000 0.363058 0.794580
v -1.000000 0.364259 0.782748
v -1.000000 0.367633 0.771696
v -1.000000 0.373221 0.761166
v -1.000000 0.380691 0.752031
v -1.000000 0.389893 0.744484
v -1.000000 0.400366 0.738880
v -1.000000 0.411760 0.735444
v -1.000000 0.423424 0.734317
v -1.000000 0.435227 0.735478
v -1.000000 0.446544 0.738915
v -1.000000 0.457000 0.744486
v -1.000000 0.466150 0.752011
v -1.000000 0.473662 0.761157
v -1.000000 0.479233 0.771588
v -1.000000 0.482670 0.782913
v -0.970219 2.074264 0.794681
v -0.970219 2.073109 0.806460
v -0.970219 2.069677 0.817800
v -0.970219 2.064063 0.828286
v -0.970219 2.056593 0.837406
v -0.970219 2.047456 0.844892
v -0.970219 2.037000 0.850500
v -0.970219 2.025679 0.853932
v -0.970219 2.013887 0.855086
v -0.970219 2.002132 0.853948
v -0.970219 1.990805 0.850505
v -0.970219 1.980360 0.844925
v -0.970219 1.971207 0.837399
v -0.970219 1.963743 0.828335
v -0.970219 1.958116 0.817861
v -0.970219 1.954640 0.806472
v -0.970219 1.953485 0.794718
v -0.970219 1.954648 0.782925
v -0.970219 1.958115 0.771561
v -0.970219 1.963687 0.761140
v -0.970219 1.971159 0.752025
v -0.970219 1.980316 0.744502
v -0.970219 1.990764 0.738925
v -0.970219 2.002115 0.735474
v -0.970219 2.013894 0.734303
v -0.970219 2.025697 0.735484
v -0.970219 2.037004 0.738921
v -0.970219 2.047453 0.744501
v -0.970219 2.056586 0.752012
v -0.970219 2.064090 0.761145
v -0.970219 2.069684 0.771605
v -0.970219 2.073109 0.782903
v -0.970219 2.074282 -0.790420
v -0.970219 2.073107 -0.778683
v -0.970219 2.069666 -0.767342
v -0.970219 2.064099 -0.756886
v -0.970219 2.056588 -0.747735
v -0.970219 2.047445 -0.740249
v -0.970219 2.036987 -0.734652
v -0.970219 2.025659 -0.731213
v -0.970219 2.013881 -0.730057
v -0.970219 2.002108 -0.731217
v -0.970219 1.990783 -0.734659
v -0.970219 1.980304 -0.740249
v -0.970219 1.971223 -0.747704
v -0.970219 1.963692 -0.756853
v -0.970219 1.958091 -0.767324
v -0.970219 1.954652 -0.778674
v -0.970219 1.953484 -0.790451
v -0.970219 1.954654 -0.802219
v -0.970219 1.958095 -0.813566
v -0.970219 1.963672 -0.824001
v -0.970219 1.971185 -0.833144
v -0.970219 1.980327 -0.840655
v -0.970219 1.990767 -0.846238
v -0.970219 2.002105 -0.849672
v -0.970219 2.013877 -0.850831
v -0.970219 2.025640 -0.849679
v -0.970219 2.036973 -0.846246
v -0.970219 2.047451 -0.840635
v -0.970219 2.056577 -0.833145
v -0.970219 2.064082 -0.823994
v -0.970219 2.069681 -0.813541
v -0.970219 2.073095 -0.802238
v -0.970219 0.483840 -0.790451
v -0.970219 0.482675 -0.778683
v -0.970219 0.479222 -0.767276
v -0.970219 0.473645 -0.756894
v -0.970219 0.466177 -0.747775
v -0.970219 0.457014 -0.740248
v -0.970219 0.446560 -0.734662
v -0.970219 0.435236 -0.731219
v -0.970219 0.423478 -0.730053
v -0.970219 0.411650 -0.731213
v -0.970219 0.400364 -0.734636
v -0.970219 0.389919 -0.740214
v -0.970219 0.380740 -0.747737
v -0.970219 0.373251 -0.756879
v -0.970219 0.367663 -0.767323
v -0.970219 0.364209 -0.778685
v -0.970219 0.363056 -0.790445
v -0.970219 0.364220 -0.802238
v -0.970219 0.367672 -0.813584
v -0.970219 0.373234 -0.823986
v -0.970219 0.380734 -0.833135
v -0.970219 0.389887 -0.840645
v -0.970219 0.400344 -0.846239
v -0.970219 0.411678 -0.849680
v -0.970219 0.423480 -0.850828
v -0.970219 0.435163 -0.849684
v -0.970219 0.446570 -0.846239
v -0.970219 0.456965 -0.840661
v -0.970219 0.466111 -0.833161
v -0.970219 0.473625 -0.824026
v -0.970219 0.479240 -0.813534
v -0.970219 0.482663 -0.802290
v -0.970219 0.483831 0.794687
v -0.970219 0.482674 0.806498
v -0.970219 0.479242 0.817798
v -0.970219 0.473650 0.828246
v -0.970219 0.466166 0.837380
v -0.970219 0.456992 0.844912
v -0.970219 0.446564 0.850492
v -0.970219 0.435231 0.853925
v -0.970219 0.423457 0.855085
v -0.970219 0.411408 0.853860
v -0.970219 0.400239 0.850470
v -0.970219 0.389817 0.844835
v -0.970219 0.380795 0.837409
v -0.970219 0.373363 0.828430
v -0.970219 0.367676 0.817906
v -0.970219 0.364197 0.806533
v -0.970219 0.363058 0.794580
v -0.970219 0.364259 0.782748
v -0.970219 0.367633 0.771696
v -0.970219 0.373221 0.761166
v -0.970219 0.380691 0.752031
v -0.970219 0.389893 0.744484
v -0.970219 0.400366 0.738880
v -0.970219 0.411760 0.735444
v -0.970219 0.423424 0.734317
v -0.970219 0.435227 0.735478
v -0.970219 0.446544 0.738915
v -0.970219 0.457000 0.744486
v -0.970219 0.466150 0.752011
v -0.970219 0.473662 0.761157
v -0.970219 0.479233 0.771588
v -0.970219 0.482670 0.782913
v -0.794493 2.074264 -0.970219
v -0.806159 2.073124 -0.970219
v -0.817651 2.069611 -0.970219
v -0.827993 2.064071 -0.970219
v -0.837152 2.056582 -0.970219
v -0.844602 2.047467 -0.970219
v -0.850176 2.037097 -0.970219
v -0.853631 2.025700 -0.970219
v -0.854800 2.013868 -0.970219
v -0.853623 2.002012 -0.970219
v -0.850226 1.990841 -0.970219
v -0.844575 1.980287 -0.970219
v -0.837269 1.971296 -0.970219
v -0.827964 1.963689 -0.970219
v -0.817618 1.958107 -0.970219
v -0.806229 1.954637 -0.970219
v -0.794447 1.953505 -0.970219
v -0.782623 1.954670 -0.970219
v -0.771372 1.958053 -0.970219
v -0.760842 1.963715 -0.970219
v -0.751708 1.971175 -0.970219
v -0.744231 1.980335 -0.970219
v -0.738651 1.990744 -0.970219
v -0.735199 2.002088 -0.970219
v -0.734050 2.013852 -0.970219
v -0.735181 2.025631 -0.970219
v -0.738613 2.036952 -0.970219
v -0.744220 2.047442 -0.970219
v -0.751728 2.056596 -0.970219
v -0.760884 2.064087 -0.970219
v -0.771274 2.069649 -0.970219
v -0.782677 2.073133 -0.970219
v 0.790730 2.074270 -0.970219
v 0.778874 2.073099 -0.970219
v 0.767614 2.069678 -0.970219
v 0.757249 2.064146 -0.970219
v 0.748018 2.056581 -0.970219
v 0.740522 2.047457 -0.970219
v 0.734952 2.037029 -0.970219
v 0.731496 2.025630 -0.970219
v 0.730332 2.013937 -0.970219
v 0.731525 2.002110 -0.970219
v 0.734935 1.990820 -0.970219
v 0.740486 1.980354 -0.970219
v 0.748012 1.971180 -0.970219
v 0.757156 1.963695 -0.970219
v 0.767587 1.958104 -0.970219
v 0.778903 1.954651 -0.970219
v 0.790666 1.953503 -0.970219
v 0.802532 1.954666 -0.970219
v 0.813840 1.958075 -0.970219
v 0.824357 1.963740 -0.970219
v 0.833389 1.971141 -0.970219
v 0.840897 1.980245 -0.970219
v 0.846552 1.990842 -0.970219
v 0.849956 2.002100 -0.970219
v 0.851132 2.013955 -0.970219
v 0.849959 2.025669 -0.970219
v 0.846478 2.037084 -0.970219
v 0.840970 2.047431 -0.970219
v 0.833435 2.056551 -0.970219
v 0.824295 2.064063 -0.970219
v 0.813840 2.069684 -0.970219
v 0.802554 2.073122 -0.970219
v 0.790753 0.483826 -0.970219
v 0.778912 0.482659 -0.970219
v 0.767634 0.479231 -0.970219
v 0.757253 0.473679 -0.970219
v 0.748046 0.466168 -0.970219
v 0.740576 0.457052 -0.970219
v 0.734948 0.446540 -0.970219
v 0.731497 0.435218 -0.970219
v 0.730357 0.423464 -0.970219
v 0.731489 0.411687 -0.970219
v 0.734964 0.400266 -0.970219
v 0.740533 0.389871 -0.970219
v 0.748007 0.380774 -0.970219
v 0.757165 0.373248 -0.970219
v 0.767552 0.367680 -0.970219
v 0.778976 0.364200 -0.970219
v 0.790727 0.363059 -0.970219
v 0.802475 0.364204 -0.970219
v 0.813872 0.367659 -0.970219
v 0.824305 0.373244 -0.970219
v 0.833455 0.380760 -0.970219
v 0.840947 0.389881 -0.970219
v 0.846527 0.400353 -0.970219
v 0.849963 0.411674 -0.970219
v 0.851128 0.423428 -0.970219
v 0.849962 0.435220 -0.970219
v 0.846527 0.446528 -0.970219
v 0.840969 0.456960 -0.970219
v 0.833441 0.466147 -0.970219
v 0.824306 0.473637 -0.970219
v 0.813860 0.479238 -0.970219
v 0.802547 0.482669 -0.970219
v -0.794501 0.483828 -0.970219
v -0.806157 0.482675 -0.970219
v -0.817509 0.479236 -0.970219
v -0.827951 0.473666 -0.970219
v -0.837143 0.466137 -0.970219
v -0.844627 0.457000 -0.970219
v -0.850230 0.446534 -0.970219
v -0.853652 0.435268 -0.970219
v -0.854824 0.423379 -0.970219
v -0.853646 0.411666 -0.970219
v -0.850206 0.400316 -0.970219
v -0.844604 0.389845 -0.970219
v -0.837108 0.380735 -0.970219
v -0.827959 0.373198 -0.970219
v -0.817466 0.367624 -0.970219
v -0.806116 0.364217 -0.970219
v -0.794312 0.363045 -0.970219
v -0.782643 0.364198 -0.970219
v -0.771231 0.367711 -0.970219
v -0.760799 0.373260 -0.970219
v -0.751755 0.380745 -0.970219
v -0.744207 0.389891 -0.970219
v -0.738658 0.400275 -0.970219
v -0.735215 0.411681 -0.970219
v -0.734051 0.423370 -0.970219
v -0.735181 0.435194 -0.970219
v -0.738658 0.446593 -0.970219
v -0.744212 0.456970 -0.970219
v -0.751741 0.466176 -0.970219
v -0.760863 0.473652 -0.970219
v -0.771373 0.479259 -0.970219
v -0.782733 0.482699 -0.970219
v 0.814134 2.069374 0.970219
v 0.824747 2.063725 0.970219
v 0.832793 2.057048 0.970219
v 0.841182 2.047119 0.970219
v 0.846660 2.036506 0.970219
v 0.850084 2.025721 0.970219
v 0.851282 2.013224 0.970219
v 0.849741 2.001069 0.970219
v 0.846317 1.990113 0.970219
v 0.839983 1.979157 0.970219
v 0.833136 1.970768 0.970219
v 0.825261 1.964092 0.970219
v 0.815503 1.958956 0.970219
v 0.802664 1.954677 0.970219
v 0.789996 1.953478 0.970219
v 0.778868 1.954677 0.970219
v 0.767741 1.957929 0.970219
v 0.757469 1.963578 0.970219
v 0.748225 1.971111 0.970219
v 0.740864 1.979842 0.970219
v 0.734872 1.991140 0.970219
v 0.731620 2.002439 0.970219
v 0.730250 2.014422 0.970219
v 0.731620 2.025207 0.970219
v 0.735215 2.037362 0.970219
v 0.740693 2.047975 0.970219
v 0.748739 2.057391 0.970219
v 0.758154 2.064581 0.970219
v 0.767912 2.070059 0.970219
v 0.779382 2.073140 0.970219
v 0.791365 2.074339 0.970219
v 0.802321 2.073141 0.970219
v -0.794364 2.074016 0.970219
v -0.782097 2.072968 0.970219
v -0.770278 2.069378 0.970219
v -0.760554 2.063993 0.970219
v -0.751728 2.056513 0.970219
v -0.743949 2.047088 0.970219
v -0.738264 2.036466 0.970219
v -0.735123 2.025246 0.970219
v -0.733926 2.013278 0.970219
v -0.735272 2.001460 0.970219
v -0.738713 1.990390 0.970219
v -0.744697 1.979619 0.970219
v -0.751878 1.970942 0.970219
v -0.761003 1.963611 0.970219
v -0.771625 1.957777 0.970219
v -0.782097 1.954935 0.970219
v -0.794214 1.953439 0.970219
v -0.806631 1.954785 0.970219
v -0.818000 1.958226 0.970219
v -0.828173 1.963911 0.970219
v -0.838047 1.972139 0.970219
v -0.844928 1.980666 0.970219
v -0.850015 1.990091 0.970219
v -0.853755 2.002358 0.970219
v -0.854802 2.014774 0.970219
v -0.853605 2.026443 0.970219
v -0.849865 2.037962 0.970219
v -0.844180 2.048285 0.970219
v -0.836102 2.057560 0.970219
v -0.827874 2.064291 0.970219
v -0.816804 2.070275 0.970219
v -0.806631 2.072968 0.970219
v -0.795234 0.483713 0.970219
v -0.782518 0.482816 0.970219
v -0.771148 0.479225 0.970219
v -0.760527 0.473540 0.970219
v -0.751401 0.465761 0.970219
v -0.743921 0.456636 0.970219
v -0.738685 0.446762 0.970219
v -0.734945 0.434794 0.970219
v -0.734197 0.422378 0.970219
v -0.735244 0.411157 0.970219
v -0.738835 0.399788 0.970219
v -0.744071 0.390064 0.970219
v -0.752149 0.380191 0.970219
v -0.760377 0.373608 0.970219
v -0.770699 0.367774 0.970219
v -0.782518 0.364333 0.970219
v -0.794186 0.363136 0.970219
v -0.805855 0.364183 0.970219
v -0.817973 0.367774 0.970219
v -0.828445 0.373459 0.970219
v -0.835925 0.379742 0.970219
v -0.845050 0.390513 0.970219
v -0.850136 0.400087 0.970219
v -0.853577 0.411906 0.970219
v -0.854774 0.423275 0.970219
v -0.853727 0.434794 0.970219
v -0.850137 0.447211 0.970219
v -0.845200 0.455888 0.970219
v -0.836972 0.466360 0.970219
v -0.827846 0.473840 0.970219
v -0.816776 0.479674 0.970219
v -0.805556 0.482816 0.970219
v 0.790198 0.483729 0.970219
v 0.803213 0.482532 0.970219
v 0.815330 0.478643 0.970219
v 0.824456 0.473556 0.970219
v 0.834030 0.465628 0.970219
v 0.840762 0.457250 0.970219
v 0.846746 0.445881 0.970219
v 0.850187 0.434511 0.970219
v 0.851234 0.422693 0.970219
v 0.849738 0.411323 0.970219
v 0.846597 0.400402 0.970219
v 0.840164 0.388734 0.970219
v 0.832684 0.380057 0.970219
v 0.824605 0.373325 0.970219
v 0.813984 0.367640 0.970219
v 0.802764 0.364349 0.970219
v 0.791394 0.363152 0.970219
v 0.779427 0.364200 0.970219
v 0.767758 0.367640 0.970219
v 0.757435 0.372876 0.970219
v 0.747562 0.381104 0.970219
v 0.740082 0.390529 0.970219
v 0.735295 0.399954 0.970219
v 0.731704 0.410874 0.970219
v 0.730358 0.423441 0.970219
v 0.731405 0.434810 0.970219
v 0.734995 0.446479 0.970219
v 0.740830 0.457100 0.970219
v 0.747861 0.465927 0.970219
v 0.757735 0.473855 0.970219
v 0.767758 0.479391 0.970219
v 0.779875 0.482981 0.970219
v 0.969599 2.074240 -0.790442
v 0.969599 2.073101 -0.802197
v 0.969599 2.069627 -0.813662
v 0.969599 2.064121 -0.823976
v 0.969599 2.056530 -0.833188
v 0.969599 2.047549 -0.840543
v 0.969599 2.037024 -0.846256
v 0.969599 2.025727 -0.849639
v 0.969599 2.013880 -0.850830
v 0.969599 2.002051 -0.849668
v 0.969599 1.990765 -0.846252
v 0.969599 1.980346 -0.840672
v 0.969599 1.971169 -0.833135
v 0.969599 1.963642 -0.823985
v 0.969599 1.958102 -0.813614
v 0.969599 1.954677 -0.802328
v 0.969599 1.953485 -0.790392
v 0.969599 1.954681 -0.778459
v 0.969599 1.958122 -0.767244
v 0.969599 1.963653 -0.756921
v 0.969599 1.971127 -0.747802
v 0.969599 1.980359 -0.740220
v 0.969599 1.990764 -0.734655
v 0.969599 2.002104 -0.731215
v 0.969599 2.013883 -0.730076
v 0.969599 2.025602 -0.731210
v 0.969599 2.037000 -0.734651
v 0.969599 2.047283 -0.740099
v 0.969599 2.056548 -0.747694
v 0.969599 2.064048 -0.756844
v 0.969599 2.069699 -0.767393
v 0.969599 2.073077 -0.778555
v 0.969599 2.074271 0.794671
v 0.969599 2.073079 0.782887
v 0.969599 2.069720 0.771687
v 0.969599 2.064069 0.761122
v 0.969599 2.056604 0.752041
v 0.969599 2.047493 0.744517
v 0.969599 2.037026 0.738939
v 0.969599 2.025704 0.735503
v 0.969599 2.013875 0.734345
v 0.969599 2.002178 0.735469
v 0.969599 1.990749 0.738934
v 0.969599 1.980270 0.744570
v 0.969599 1.971204 0.752050
v 0.969599 1.963601 0.761266
v 0.969599 1.958095 0.771561
v 0.969599 1.954654 0.782781
v 0.969599 1.953457 0.795048
v 0.969599 1.954683 0.806536
v 0.969599 1.958244 0.818236
v 0.969599 1.963749 0.828376
v 0.969599 1.971226 0.837469
v 0.969599 1.980354 0.844924
v 0.969599 1.990823 0.850486
v 0.969599 2.002028 0.853932
v 0.969599 2.013894 0.855079
v 0.969599 2.025670 0.853927
v 0.969599 2.037059 0.850491
v 0.969599 2.047477 0.844889
v 0.969599 2.056623 0.837375
v 0.969599 2.064045 0.828283
v 0.969599 2.069671 0.817816
v 0.969599 2.073117 0.806559
v 0.969599 0.483815 0.794714
v 0.969599 0.482666 0.782916
v 0.969599 0.479210 0.771560
v 0.969599 0.473763 0.761277
v 0.969599 0.466109 0.751935
v 0.969599 0.457042 0.744542
v 0.969599 0.446671 0.738944
v 0.969599 0.435152 0.735459
v 0.969599 0.423439 0.734315
v 0.969599 0.411663 0.735478
v 0.969599 0.400332 0.738917
v 0.969599 0.389893 0.744495
v 0.969599 0.380743 0.752004
v 0.969599 0.373230 0.761162
v 0.969599 0.367654 0.771589
v 0.969599 0.364213 0.782941
v 0.969599 0.363054 0.794695
v 0.969599 0.364220 0.806477
v 0.969599 0.367656 0.817807
v 0.969599 0.373249 0.828265
v 0.969599 0.380746 0.837414
v 0.969599 0.389875 0.844904
v 0.969599 0.400307 0.850491
v 0.969599 0.411693 0.853949
v 0.969599 0.423444 0.855119
v 0.969599 0.435223 0.853922
v 0.969599 0.446631 0.850453
v 0.969599 0.457066 0.844859
v 0.969599 0.466191 0.837379
v 0.969599 0.473623 0.828288
v 0.969599 0.479224 0.817880
v 0.969599 0.482700 0.806365
v 0.969599 0.483835 -0.790467
v 0.969599 0.482683 -0.802156
v 0.969599 0.479219 -0.813580
v 0.969599 0.473664 -0.824003
v 0.969599 0.466161 -0.833123
v 0.969599 0.457012 -0.840628
v 0.969599 0.446547 -0.846234
v 0.969599 0.435223 -0.849672
v 0.969599 0.423442 -0.850832
v 0.969599 0.411689 -0.849684
v 0.969599 0.400332 -0.846243
v 0.969599 0.389867 -0.840632
v 0.969599 0.380774 -0.833173
v 0.969599 0.373218 -0.823975
v 0.969599 0.367657 -0.813540
v 0.969599 0.364227 -0.802257
v 0.969599 0.363059 -0.790452
v 0.969599 0.364212 -0.778713
v 0.969599 0.367670 -0.767316
v 0.969599 0.373242 -0.756884
v 0.969599 0.380774 -0.747712
v 0.969599 0.389881 -0.740241
v 0.969599 0.400332 -0.734645
v 0.969599 0.411635 -0.731230
v 0.969599 0.423458 -0.730058
v 0.969599 0.435222 -0.731221
v 0.969599 0.446549 -0.734671
v 0.969599 0.456978 -0.740217
v 0.969599 0.466175 -0.747774
v 0.969599 0.473651 -0.756895
v 0.969599 0.479240 -0.767353
v 0.969599 0.482669 -0.778634
v 0.910845 2.137405 -1.029995
v 0.910843 2.256551 -0.910843
v 1.029994 2.137405 -0.910845
v 0.910843 0.196569 -0.910843
v 0.910845 0.315715 -1.029994
v 1.029995 0.315715 -0.910845
v 1.029995 2.137405 0.910845
v 0.910843 2.256551 0.910843
v 0.910845 2.137405 1.029994
v 1.029994 0.315715 0.910845
v 0.910845 0.315715 1.029995
v 0.910843 0.196569 0.910843
v -0.910845 2.137405 -1.029994
v -1.029995 2.137405 -0.910845
v -0.910843 2.256551 -0.910843
v -1.029994 0.315715 -0.910845
v -0.910845 0.315715 -1.029995
v -0.910843 0.196569 -0.910843
v -1.029994 2.137405 0.910845
v -0.910845 2.137405 1.029995
v -0.910843 2.256551 0.910843
v -0.910843 0.196569 0.910843
v -0.910845 0.315715 1.029994
v -1.029995 0.315715 0.910845
v 0.802401 2.041538 1.028589
v 0.807888 2.038593 1.028449
v 0.811534 2.035600 1.028614
v 0.815971 2.030277 1.028327
v 0.818765 2.024976 1.028661
v 0.820412 2.019660 1.028401
v 0.822225 2.013666 1.031304
v 0.820233 2.007496 1.028613
v 0.818563 2.002292 1.028347
v 0.815162 1.996299 1.028718
v 0.811573 1.991933 1.028573
v 0.808305 1.989206 1.028362
v 0.803669 1.986709 1.028703
v 0.796401 1.984349 1.028314
v 0.790191 1.983736 1.028461
v 0.784744 1.984300 1.028610
v 0.779362 1.985914 1.028364
v 0.774359 1.988625 1.028587
v 0.769415 1.992660 1.028551
v 0.765962 1.996793 1.028395
v 0.762941 2.002479 1.028427
v 0.761214 2.008347 1.028678
v 0.758790 2.014245 1.030945
v 0.761143 2.019010 1.028713
v 0.763263 2.026093 1.028538
v 0.765869 2.031054 1.028296
v 0.769556 2.035397 1.028403
v 0.774712 2.039411 1.028851
v 0.779381 2.041918 1.028198
v 0.784815 2.043463 1.028701
v 0.791226 2.044063 1.028419
v 0.796050 2.043544 1.028472
v -0.794364 2.043829 1.028653
v -0.787816 2.043235 1.028412
v -0.782081 2.041492 1.028407
v -0.777743 2.039104 1.028487
v -0.773222 2.035295 1.028606
v -0.769074 2.030240 1.028479
v -0.766379 2.025165 1.028364
v -0.764793 2.019653 1.028634
v -0.763018 2.013478 1.031243
v -0.764850 2.007683 1.028543
v -0.766542 2.002294 1.028436
v -0.769649 1.996661 1.028566
v -0.773118 1.992495 1.028455
v -0.777790 1.988710 1.028627
v -0.782987 1.985924 1.028259
v -0.787902 1.984501 1.028841
v -0.794438 1.983773 1.028294
v -0.800600 1.984398 1.028556
v -0.806155 1.986108 1.028379
v -0.811057 1.988815 1.028560
v -0.816492 1.993358 1.028488
v -0.819769 1.997400 1.028567
v -0.822097 2.001743 1.028477
v -0.824016 2.008077 1.028402
v -0.825609 2.014512 1.031060
v -0.823974 2.020188 1.028402
v -0.822126 2.025949 1.028535
v -0.819354 2.030935 1.028394
v -0.815091 2.035891 1.028664
v -0.811040 2.039182 1.028530
v -0.805626 2.042057 1.028263
v -0.801465 2.043221 1.028632
v -0.794988 0.453555 1.028739
v -0.788195 0.453003 1.028270
v -0.782879 0.451375 1.028558
v -0.777597 0.448518 1.028385
v -0.772963 0.444612 1.028603
v -0.769107 0.439878 1.028475
v -0.766573 0.435128 1.028563
v -0.764816 0.429312 1.028231
v -0.763245 0.422855 1.030559
v -0.764931 0.417158 1.028395
v -0.766675 0.411556 1.028542
v -0.769196 0.406881 1.028519
v -0.773442 0.401719 1.028411
v -0.777275 0.398596 1.028719
v -0.782481 0.395729 1.028293
v -0.788305 0.393983 1.028586
v -0.794378 0.393370 1.028520
v -0.800178 0.393897 1.028479
v -0.806386 0.395747 1.028416
v -0.811411 0.398466 1.028463
v -0.814627 0.401130 1.028661
v -0.819975 0.407506 1.028386
v -0.822095 0.411477 1.028441
v -0.823941 0.417731 1.028602
v -0.825616 0.423482 1.031122
v -0.824017 0.429201 1.028525
v -0.822175 0.435410 1.028267
v -0.820180 0.439078 1.028796
v -0.815326 0.445156 1.028365
v -0.811117 0.448627 1.028461
v -0.805571 0.451539 1.028400
v -0.800149 0.453082 1.028554
v 0.789907 0.453558 1.028694
v 0.797159 0.452841 1.028360
v 0.803285 0.450896 1.028483
v 0.807394 0.448621 1.028573
v 0.812476 0.444389 1.028457
v 0.815482 0.440663 1.028516
v 0.818775 0.434410 1.028528
v 0.820470 0.428761 1.028438
v 0.822171 0.423309 1.031286
v 0.820228 0.417473 1.028792
v 0.818580 0.411982 1.028335
v 0.815310 0.406018 1.028426
v 0.811526 0.401571 1.028690
v 0.807691 0.398419 1.028450
v 0.802522 0.395656 1.028435
v 0.796908 0.393984 1.028589
v 0.791129 0.393386 1.028517
v 0.785051 0.393925 1.028474
v 0.778910 0.395720 1.028576
v 0.774104 0.398203 1.028326
v 0.769218 0.402249 1.028440
v 0.765548 0.406867 1.028466
v 0.763137 0.411522 1.028772
v 0.761307 0.417251 1.028408
v 0.759504 0.423657 1.031143
v 0.761101 0.428939 1.028431
v 0.762865 0.434682 1.028448
v 0.765955 0.440369 1.028654
v 0.769335 0.444536 1.028346
v 0.774545 0.448779 1.028643
v 0.779452 0.451442 1.028374
v 0.785304 0.453177 1.028379
v 1.028505 2.044000 -0.790456
v 1.028485 2.043428 -0.796324
v 1.028493 2.041680 -0.802099
v 1.028477 2.038980 -0.807150
v 1.028498 2.035177 -0.811771
v 1.028539 2.030688 -0.815455
v 1.028433 2.025399 -0.818307
v 1.028525 2.019853 -0.819984
v 1.031139 2.013847 -0.821682
v 1.028494 2.007939 -0.820003
v 1.028484 2.002343 -0.818307
v 1.028494 1.997163 -0.815534
v 1.028501 1.992545 -0.811743
v 1.028484 1.988786 -0.807169
v 1.028494 1.986045 -0.802042
v 1.028499 1.984333 -0.796405
v 1.028474 1.983737 -0.790397
v 1.028484 1.984334 -0.784433
v 1.028505 1.986036 -0.778874
v 1.028502 1.988795 -0.773726
v 1.028490 1.992525 -0.769178
v 1.028491 1.997169 -0.765363
v 1.028491 2.002342 -0.762597
v 1.028481 2.007979 -0.760888
v 1.030728 2.013882 -0.758892
v 1.028491 2.019747 -0.760884
v 1.028506 2.025498 -0.762618
v 1.028474 2.030529 -0.765289
v 1.028485 2.035159 -0.769082
v 1.028501 2.038905 -0.773648
v 1.028482 2.041754 -0.778973
v 1.028492 2.043409 -0.784437
v 1.028484 2.044023 0.794732
v 1.028528 2.043427 0.788776
v 1.028472 2.041753 0.783224
v 1.028489 2.038929 0.777940
v 1.028515 2.035200 0.773397
v 1.028467 2.030661 0.769658
v 1.028499 2.025469 0.766885
v 1.028487 2.019812 0.765170
v 1.031107 2.013850 0.763512
v 1.028479 2.008041 0.765146
v 1.028475 2.002360 0.766869
v 1.028492 1.997138 0.769675
v 1.028523 1.992582 0.773427
v 1.028479 1.988730 0.778108
v 1.028509 1.986012 0.783179
v 1.028468 1.984321 0.788714
v 1.028450 1.983720 0.794911
v 1.028537 1.984303 0.800505
v 1.028460 1.986157 0.806553
v 1.028524 1.988824 0.811487
v 1.028484 1.992579 0.816044
v 1.028491 1.997096 0.819735
v 1.028531 2.002409 0.822565
v 1.028458 2.007961 0.824260
v 1.031111 2.013878 0.825915
v 1.028498 2.019802 0.824259
v 1.028468 2.025467 0.822545
v 1.028505 2.030638 0.819770
v 1.028480 2.035199 0.816019
v 1.028522 2.038904 0.811489
v 1.028493 2.041757 0.806174
v 1.028468 2.043447 0.800641
v 1.028515 0.453579 0.794738
v 1.028480 0.452997 0.788814
v 1.028519 0.451261 0.783090
v 1.028476 0.448571 0.778027
v 1.028469 0.444740 0.773353
v 1.028536 0.440237 0.769668
v 1.028463 0.435046 0.766878
v 1.028492 0.429276 0.765128
v 1.030741 0.423454 0.763115
v 1.028492 0.417570 0.765140
v 1.028495 0.411907 0.766859
v 1.028491 0.406694 0.769645
v 1.028492 0.402132 0.773389
v 1.028494 0.398377 0.777965
v 1.028491 0.395598 0.783163
v 1.028495 0.393877 0.788840
v 1.028489 0.393301 0.794690
v 1.028496 0.393882 0.800571
v 1.028491 0.395599 0.806231
v 1.028498 0.398399 0.811469
v 1.028488 0.402141 0.816032
v 1.028498 0.406686 0.819764
v 1.028489 0.411897 0.822554
v 1.028497 0.417613 0.824291
v 1.031155 0.423416 0.825979
v 1.028506 0.429268 0.824275
v 1.028489 0.435030 0.822520
v 1.028503 0.440257 0.819720
v 1.028477 0.444785 0.816003
v 1.028521 0.448492 0.811479
v 1.028467 0.451280 0.806282
v 1.028484 0.453020 0.800525
v 1.028491 0.453589 -0.790467
v 1.028493 0.453019 -0.796257
v 1.028500 0.451271 -0.802025
v 1.028477 0.448511 -0.807196
v 1.028498 0.444791 -0.811723
v 1.028500 0.440200 -0.815489
v 1.028487 0.434957 -0.818296
v 1.028491 0.429320 -0.820008
v 1.031123 0.423432 -0.821675
v 1.028489 0.417573 -0.820015
v 1.028483 0.411921 -0.818302
v 1.028501 0.406681 -0.815496
v 1.028494 0.402153 -0.811779
v 1.028483 0.398375 -0.807179
v 1.028503 0.395600 -0.801977
v 1.028491 0.393889 -0.796342
v 1.028491 0.393305 -0.790442
v 1.028489 0.393878 -0.784610
v 1.028495 0.395614 -0.778886
v 1.028488 0.398392 -0.773687
v 1.028492 0.402154 -0.769104
v 1.028498 0.406691 -0.765382
v 1.028481 0.411902 -0.762594
v 1.028503 0.417526 -0.760892
v 1.031134 0.423462 -0.759210
v 1.028488 0.429300 -0.760883
v 1.028512 0.434992 -0.762613
v 1.028476 0.440190 -0.765383
v 1.028493 0.444775 -0.769147
v 1.028496 0.448499 -0.773690
v 1.028497 0.451302 -0.778934
v 1.028489 0.453005 -0.784543
v -0.794464 2.044027 -1.028514
v -0.800238 2.043457 -1.028474
v -0.806035 2.041689 -1.028499
v -0.811204 2.038921 -1.028508
v -0.815757 2.035191 -1.028470
v -0.819466 2.030665 -1.028517
v -0.822240 2.025490 -1.028477
v -0.823969 2.019798 -1.028495
v -0.825649 2.013875 -1.031135
v -0.823963 2.007935 -1.028493
v -0.822291 2.002434 -1.028491
v -0.819403 1.997030 -1.028526
v -0.815839 1.992662 -1.028452
v -0.811143 1.988809 -1.028528
v -0.805969 1.986026 -1.028476
v -0.800344 1.984313 -1.028471
v -0.794484 1.983744 -1.028507
v -0.788487 1.984335 -1.028506
v -0.782952 1.986007 -1.028463
v -0.777640 1.988853 -1.028522
v -0.773106 1.992568 -1.028462
v -0.769383 1.997116 -1.028516
v -0.766582 2.002347 -1.028490
v -0.764867 2.007990 -1.028482
v -0.762865 2.013875 -1.030729
v -0.764858 2.019768 -1.028479
v -0.766558 2.025380 -1.028491
v -0.769370 2.030643 -1.028493
v -0.773104 2.035192 -1.028482
v -0.777673 2.038936 -1.028504
v -0.782884 2.041724 -1.028502
v -0.788568 2.043456 -1.028463
v 0.790754 2.044028 -1.028500
v 0.784784 2.043437 -1.028491
v 0.779184 2.041736 -1.028498
v 0.774035 2.038987 -1.028493
v 0.769392 2.035181 -1.028491
v 0.765670 2.030650 -1.028488
v 0.762897 2.025461 -1.028493
v 0.761155 2.019717 -1.028500
v 0.759475 2.013957 -1.031150
v 0.761177 2.008026 -1.028513
v 0.762899 2.002330 -1.028504
v 0.765669 1.997118 -1.028474
v 0.769390 1.992580 -1.028484
v 0.773953 1.988840 -1.028507
v 0.779200 1.986030 -1.028496
v 0.784816 1.984319 -1.028477
v 0.790660 1.983745 -1.028499
v 0.796665 1.984334 -1.028499
v 0.802241 1.986021 -1.028462
v 0.807528 1.988859 -1.028517
v 0.812038 1.992558 -1.028502
v 0.815757 1.997074 -1.028474
v 0.818600 2.002395 -1.028491
v 0.820296 2.007998 -1.028502
v 0.821986 2.013942 -1.031143
v 0.820305 2.019721 -1.028493
v 0.818541 2.025515 -1.028511
v 0.815825 2.030602 -1.028462
v 0.812083 2.035144 -1.028517
v 0.807454 2.038945 -1.028503
v 0.802215 2.041759 -1.028484
v 0.796657 2.043451 -1.028477
v 0.790760 0.453582 -1.028493
v 0.784822 0.452996 -1.028489
v 0.779219 0.451293 -1.028494
v 0.774018 0.448515 -1.028511
v 0.769415 0.444751 -1.028470
v 0.765722 0.440252 -1.028499
v 0.762878 0.434938 -1.028497
v 0.761168 0.429318 -1.028475
v 0.759176 0.423453 -1.030726
v 0.761165 0.417567 -1.028474
v 0.762897 0.411864 -1.028491
v 0.765667 0.406693 -1.028494
v 0.769392 0.402158 -1.028500
v 0.773992 0.398378 -1.028496
v 0.779160 0.395609 -1.028491
v 0.784873 0.393871 -1.028477
v 0.790722 0.393298 -1.028507
v 0.796593 0.393873 -1.028488
v 0.802290 0.395601 -1.028487
v 0.807488 0.398382 -1.028493
v 0.812069 0.402144 -1.028498
v 0.815788 0.406676 -1.028482
v 0.818581 0.411911 -1.028502
v 0.820302 0.417585 -1.028494
v 0.821977 0.423430 -1.031134
v 0.820300 0.429309 -1.028493
v 0.818582 0.434969 -1.028502
v 0.815802 0.440182 -1.028489
v 0.812049 0.444762 -1.028484
v 0.807495 0.448499 -1.028503
v 0.802268 0.451299 -1.028484
v 0.796653 0.453003 -1.028490
v -0.794457 0.453588 -1.028505
v -0.800258 0.453013 -1.028496
v -0.805952 0.451287 -1.028495
v -0.811171 0.448503 -1.028493
v -0.815753 0.444747 -1.028480
v -0.819480 0.440202 -1.028502
v -0.822292 0.434946 -1.028491
v -0.823988 0.429362 -1.028491
v -0.825676 0.423406 -1.031141
v -0.823992 0.417591 -1.028505
v -0.822262 0.411892 -1.028489
v -0.819469 0.406671 -1.028486
v -0.815720 0.402110 -1.028512
v -0.811158 0.398360 -1.028465
v -0.805968 0.395599 -1.028489
v -0.800250 0.393879 -1.028515
v -0.794305 0.393293 -1.028485
v -0.788611 0.393858 -1.028470
v -0.782828 0.395629 -1.028529
v -0.777636 0.398403 -1.028457
v -0.773145 0.402105 -1.028533
v -0.769339 0.406731 -1.028475
v -0.766612 0.411831 -1.028484
v -0.764874 0.417575 -1.028507
v -0.763214 0.423427 -1.031115
v -0.764860 0.429312 -1.028466
v -0.766587 0.434991 -1.028498
v -0.769366 0.440185 -1.028506
v -0.773142 0.444796 -1.028477
v -0.777647 0.448491 -1.028491
v -0.782930 0.451309 -1.028494
v -0.788590 0.453021 -1.028479
v -1.028496 2.044021 0.794681
v -1.028495 2.043442 0.800576
v -1.028484 2.041731 0.806224
v -1.028503 2.038915 0.811490
v -1.028481 2.035201 0.816019
v -1.028505 2.030649 0.819753
v -1.028484 2.025406 0.822561
v -1.028489 2.019790 0.824265
v -1.031111 2.013873 0.825921
v -1.028478 2.008017 0.824275
v -1.028496 2.002383 0.822565
v -1.028485 1.997175 0.819781
v -1.028509 1.992582 0.816009
v -1.028495 1.988858 0.811484
v -1.028489 1.986038 0.806234
v -1.028481 1.984304 0.800548
v -1.028493 1.983730 0.794723
v -1.028484 1.984311 0.788850
v -1.028500 1.986045 0.783156
v -1.028496 1.988836 0.777938
v -1.028493 1.992556 0.773401
v -1.028486 1.997121 0.769652
v -1.028499 2.002338 0.766865
v -1.028494 2.008038 0.765133
v -1.030755 2.013886 0.763084
v -1.028498 2.019766 0.765139
v -1.028498 2.025428 0.766860
v -1.028484 2.030640 0.769646
v -1.028501 2.035197 0.773391
v -1.028491 2.038947 0.777958
v -1.028490 2.041740 0.783180
v -1.028491 2.043442 0.788796
v -1.028470 2.044028 -0.790416
v -1.028501 2.043451 -0.784607
v -1.028503 2.041717 -0.778892
v -1.028482 2.038934 -0.773671
v -1.028486 2.035213 -0.769136
v -1.028503 2.030652 -0.765399
v -1.028491 2.025401 -0.762591
v -1.028489 2.019761 -0.760879
v -1.031125 2.013887 -0.759214
v -1.028489 2.008018 -0.760880
v -1.028501 2.002352 -0.762601
v -1.028486 1.997099 -0.765405
v -1.028501 1.992592 -0.769102
v -1.028486 1.988828 -0.773679
v -1.028489 1.986036 -0.778898
v -1.028498 1.984313 -0.784579
v -1.028483 1.983733 -0.790449
v -1.028498 1.984313 -0.796308
v -1.028493 1.986038 -0.801992
v -1.028489 1.988816 -0.807189
v -1.028499 1.992569 -0.811759
v -1.028491 1.997140 -0.815513
v -1.028489 2.002339 -0.818292
v -1.028494 2.007998 -0.820008
v -1.031123 2.013884 -0.821673
v -1.028490 2.019754 -0.820012
v -1.028486 2.025392 -0.818303
v -1.028497 2.030638 -0.815495
v -1.028491 2.035186 -0.811762
v -1.028500 2.038941 -0.807185
v -1.028479 2.041732 -0.801970
v -1.028512 2.043440 -0.796330
v -1.028484 0.453591 -0.790444
v -1.028498 0.453013 -0.784581
v -1.028476 0.451282 -0.778874
v -1.028511 0.448512 -0.773706
v -1.028489 0.444773 -0.769147
v -1.028489 0.440205 -0.765394
v -1.028498 0.434980 -0.762601
v -1.028492 0.429316 -0.760879
v -1.030745 0.423463 -0.758847
v -1.028491 0.417543 -0.760879
v -1.028494 0.411932 -0.762581
v -1.028495 0.406709 -0.765370
v -1.028484 0.402131 -0.769124
v -1.028500 0.398400 -0.773675
v -1.028495 0.395600 -0.778911
v -1.028486 0.393875 -0.784588
v -1.028492 0.393301 -0.790435
v -1.028489 0.393883 -0.796321
v -1.028497 0.395608 -0.801997
v -1.028497 0.398384 -0.807189
v -1.028489 0.402127 -0.811752
v -1.028494 0.406693 -0.815500
v -1.028492 0.411926 -0.818299
v -1.028484 0.417565 -0.820010
v -1.031115 0.423471 -0.821666
v -1.028496 0.429290 -0.820016
v -1.028476 0.434988 -0.818292
v -1.028505 0.440149 -0.815527
v -1.028497 0.444741 -0.811760
v -1.028490 0.448489 -0.807201
v -1.028495 0.451307 -0.801939
v -1.028492 0.453004 -0.796362
v -1.028494 0.453587 0.794696
v -1.028487 0.453007 0.800600
v -1.028491 0.451303 0.806211
v -1.028499 0.448502 0.811448
v -1.028490 0.444767 0.816003
v -1.028494 0.440180 0.819771
v -1.028488 0.434989 0.822547
v -1.028495 0.429337 0.824261
v -1.031149 0.423501 0.825942
v -1.028509 0.417356 0.824213
v -1.028465 0.411886 0.822545
v -1.028512 0.406694 0.819746
v -1.028526 0.402143 0.816002
v -1.028494 0.398436 0.811517
v -1.028479 0.395584 0.806234
v -1.028459 0.393877 0.800643
v -1.028493 0.393302 0.794673
v -1.028499 0.393906 0.788717
v -1.028520 0.395572 0.783249
v -1.028486 0.398412 0.777911
v -1.028479 0.402097 0.773405
v -1.028496 0.406697 0.769630
v -1.028481 0.411925 0.766835
v -1.028491 0.417609 0.765119
v -1.031113 0.423400 0.763481
v -1.028489 0.429324 0.765143
v -1.028502 0.434985 0.766860
v -1.028479 0.440198 0.769642
v -1.028500 0.444759 0.773389
v -1.028488 0.448513 0.777961
v -1.028495 0.451290 0.783159
v -1.028492 0.453006 0.788816
v -0.998715 2.044021 0.794681
v -0.998714 2.043442 0.800576
v -0.998703 2.041731 0.806224
v -0.998723 2.038915 0.811490
v -0.998701 2.035201 0.816019
v -0.998724 2.030649 0.819753
v -0.998703 2.025406 0.822561
v -0.998708 2.019790 0.824265
v -0.998726 2.013873 0.824846
v -0.998698 2.008017 0.824275
v -0.998716 2.002383 0.822565
v -0.998705 1.997175 0.819781
v -0.998728 1.992582 0.816009
v -0.998715 1.988858 0.811484
v -0.998708 1.986038 0.806234
v -0.998700 1.984304 0.800548
v -0.998712 1.983730 0.794723
v -0.998704 1.984311 0.788850
v -0.998720 1.986045 0.783156
v -0.998716 1.988836 0.777938
v -0.998712 1.992556 0.773401
v -0.998706 1.997121 0.769652
v -0.998719 2.002338 0.766865
v -0.998714 2.008038 0.765133
v -0.998697 2.013885 0.764554
v -0.998717 2.019766 0.765139
v -0.998717 2.025428 0.766860
v -0.998704 2.030640 0.769646
v -0.998721 2.035197 0.773391
v -0.998710 2.038947 0.777958
v -0.998710 2.041740 0.783180
v -0.998710 2.043442 0.788796
v -0.998690 2.044028 -0.790416
v -0.998721 2.043451 -0.784607
v -0.998722 2.041717 -0.778892
v -0.998702 2.038934 -0.773671
v -0.998705 2.035213 -0.769136
v -0.998723 2.030652 -0.765399
v -0.998710 2.025401 -0.762591
v -0.998709 2.019761 -0.760879
v -0.998714 2.013886 -0.760301
v -0.998709 2.008018 -0.760880
v -0.998720 2.002352 -0.762601
v -0.998706 1.997099 -0.765405
v -0.998721 1.992592 -0.769102
v -0.998706 1.988828 -0.773679
v -0.998708 1.986036 -0.778898
v -0.998717 1.984313 -0.784579
v -0.998702 1.983733 -0.790449
v -0.998717 1.984313 -0.796308
v -0.998712 1.986038 -0.801992
v -0.998709 1.988816 -0.807189
v -0.998719 1.992569 -0.811759
v -0.998710 1.997140 -0.815513
v -0.998709 2.002339 -0.818292
v -0.998714 2.007998 -0.820008
v -0.998716 2.013884 -0.820587
v -0.998710 2.019754 -0.820012
v -0.998705 2.025392 -0.818303
v -0.998716 2.030638 -0.815495
v -0.998711 2.035186 -0.811762
v -0.998719 2.038941 -0.807185
v -0.998698 2.041732 -0.801970
v -0.998731 2.043440 -0.796330
v -0.998703 0.453591 -0.790444
v -0.998717 0.453013 -0.784581
v -0.998696 0.451282 -0.778874
v -0.998731 0.448512 -0.773706
v -0.998708 0.444773 -0.769147
v -0.998708 0.440205 -0.765394
v -0.998717 0.434980 -0.762601
v -0.998712 0.429316 -0.760879
v -0.998710 0.423462 -0.760299
v -0.998710 0.417543 -0.760879
v -0.998713 0.411932 -0.762581
v -0.998714 0.406709 -0.765370
v -0.998704 0.402131 -0.769124
v -0.998719 0.398400 -0.773675
v -0.998714 0.395600 -0.778911
v -0.998705 0.393875 -0.784588
v -0.998712 0.393301 -0.790435
v -0.998709 0.393883 -0.796321
v -0.998716 0.395608 -0.801997
v -0.998716 0.398384 -0.807189
v -0.998708 0.402127 -0.811752
v -0.998714 0.406693 -0.815500
v -0.998711 0.411926 -0.818299
v -0.998703 0.417565 -0.820010
v -0.998723 0.423471 -0.820587
v -0.998716 0.429290 -0.820016
v -0.998695 0.434988 -0.818292
v -0.998724 0.440149 -0.815527
v -0.998716 0.444741 -0.811760
v -0.998709 0.448489 -0.807201
v -0.998714 0.451307 -0.801939
v -0.998711 0.453004 -0.796362
v -0.998714 0.453587 0.794696
v -0.998707 0.453007 0.800600
v -0.998711 0.451303 0.806211
v -0.998719 0.448502 0.811448
v -0.998709 0.444767 0.816003
v -0.998714 0.440180 0.819771
v -0.998707 0.434989 0.822547
v -0.998714 0.429337 0.824261
v -0.998691 0.423503 0.824832
v -0.998729 0.417356 0.824213
v -0.998684 0.411886 0.822545
v -0.998732 0.406694 0.819746
v -0.998745 0.402143 0.816002
v -0.998714 0.398436 0.811517
v -0.998698 0.395584 0.806234
v -0.998679 0.393877 0.800643
v -0.998713 0.393302 0.794673
v -0.998719 0.393906 0.788717
v -0.998740 0.395572 0.783249
v -0.998705 0.398412 0.777911
v -0.998698 0.402097 0.773405
v -0.998716 0.406697 0.769630
v -0.998700 0.411925 0.766835
v -0.998710 0.417609 0.765119
v -0.998725 0.423399 0.764558
v -0.998709 0.429324 0.765143
v -0.998721 0.434985 0.766860
v -0.998698 0.440198 0.769642
v -0.998720 0.444759 0.773389
v -0.998707 0.448513 0.777961
v -0.998714 0.451290 0.783159
v -0.998711 0.453006 0.788816
v -0.794464 2.044027 -0.998733
v -0.800238 2.043457 -0.998694
v -0.806035 2.041689 -0.998719
v -0.811204 2.038921 -0.998728
v -0.815757 2.035191 -0.998689
v -0.819466 2.030665 -0.998737
v -0.822240 2.025490 -0.998697
v -0.823969 2.019798 -0.998714
v -0.824552 2.013875 -0.998705
v -0.823963 2.007935 -0.998712
v -0.822291 2.002434 -0.998710
v -0.819403 1.997030 -0.998745
v -0.815839 1.992662 -0.998671
v -0.811142 1.988808 -0.998747
v -0.805969 1.986026 -0.998695
v -0.800344 1.984313 -0.998690
v -0.794484 1.983744 -0.998726
v -0.788487 1.984335 -0.998726
v -0.782952 1.986007 -0.998683
v -0.777640 1.988853 -0.998742
v -0.773106 1.992568 -0.998682
v -0.769383 1.997116 -0.998735
v -0.766582 2.002347 -0.998709
v -0.764867 2.007990 -0.998702
v -0.764287 2.013876 -0.998731
v -0.764858 2.019768 -0.998698
v -0.766558 2.025380 -0.998710
v -0.769370 2.030643 -0.998712
v -0.773104 2.035192 -0.998702
v -0.777673 2.038936 -0.998724
v -0.782884 2.041724 -0.998721
v -0.788568 2.043456 -0.998683
v 0.790754 2.044028 -0.998719
v 0.784784 2.043437 -0.998710
v 0.779184 2.041736 -0.998717
v 0.774035 2.038987 -0.998712
v 0.769392 2.035181 -0.998710
v 0.765670 2.030650 -0.998707
v 0.762897 2.025461 -0.998712
v 0.761155 2.019717 -0.998719
v 0.760586 2.013958 -0.998691
v 0.761177 2.008026 -0.998733
v 0.762899 2.002330 -0.998724
v 0.765669 1.997118 -0.998693
v 0.769390 1.992580 -0.998703
v 0.773953 1.988840 -0.998726
v 0.779200 1.986030 -0.998716
v 0.784816 1.984319 -0.998697
v 0.790660 1.983745 -0.998719
v 0.796665 1.984334 -0.998719
v 0.802241 1.986021 -0.998681
v 0.807528 1.988859 -0.998737
v 0.812038 1.992558 -0.998722
v 0.815757 1.997074 -0.998694
v 0.818600 2.002395 -0.998711
v 0.820296 2.007998 -0.998721
v 0.820882 2.013942 -0.998698
v 0.820305 2.019721 -0.998712
v 0.818540 2.025516 -0.998731
v 0.815825 2.030602 -0.998681
v 0.812083 2.035144 -0.998736
v 0.807454 2.038945 -0.998722
v 0.802215 2.041759 -0.998704
v 0.796657 2.043451 -0.998696
v 0.790760 0.453582 -0.998714
v 0.784822 0.452996 -0.998709
v 0.779219 0.451293 -0.998714
v 0.774018 0.448515 -0.998731
v 0.769415 0.444751 -0.998690
v 0.765722 0.440252 -0.998719
v 0.762878 0.434938 -0.998716
v 0.761168 0.429318 -0.998694
v 0.760593 0.423452 -0.998734
v 0.761165 0.417567 -0.998693
v 0.762897 0.411864 -0.998711
v 0.765667 0.406693 -0.998713
v 0.769392 0.402158 -0.998719
v 0.773992 0.398378 -0.998715
v 0.779160 0.395609 -0.998710
v 0.784873 0.393871 -0.998696
v 0.790722 0.393298 -0.998726
v 0.796593 0.393873 -0.998707
v 0.802290 0.395601 -0.998707
v 0.807488 0.398382 -0.998712
v 0.812069 0.402144 -0.998717
v 0.815788 0.406676 -0.998702
v 0.818581 0.411911 -0.998721
v 0.820302 0.417585 -0.998714
v 0.820880 0.423430 -0.998706
v 0.820300 0.429309 -0.998712
v 0.818582 0.434969 -0.998721
v 0.815802 0.440182 -0.998708
v 0.812049 0.444762 -0.998704
v 0.807495 0.448499 -0.998723
v 0.802268 0.451299 -0.998704
v 0.796653 0.453003 -0.998710
v -0.794457 0.453588 -0.998724
v -0.800258 0.453013 -0.998715
v -0.805952 0.451288 -0.998716
v -0.811171 0.448503 -0.998713
v -0.815753 0.444747 -0.998700
v -0.819480 0.440202 -0.998721
v -0.822292 0.434946 -0.998710
v -0.823988 0.429362 -0.998710
v -0.824573 0.423408 -0.998700
v -0.823992 0.417591 -0.998724
v -0.822262 0.411892 -0.998708
v -0.819469 0.406671 -0.998705
v -0.815720 0.402110 -0.998731
v -0.811158 0.398360 -0.998685
v -0.805968 0.395599 -0.998709
v -0.800250 0.393879 -0.998734
v -0.794305 0.393293 -0.998705
v -0.788611 0.393858 -0.998689
v -0.782828 0.395629 -0.998749
v -0.777636 0.398403 -0.998676
v -0.773145 0.402105 -0.998752
v -0.769339 0.406731 -0.998695
v -0.766612 0.411831 -0.998703
v -0.764874 0.417575 -0.998726
v -0.764292 0.423429 -0.998722
v -0.764860 0.429312 -0.998685
v -0.766587 0.434991 -0.998718
v -0.769366 0.440185 -0.998726
v -0.773142 0.444796 -0.998696
v -0.777647 0.448491 -0.998711
v -0.782930 0.451309 -0.998714
v -0.788590 0.453021 -0.998698
v 0.802401 2.041538 0.998809
v 0.807888 2.038593 0.998669
v 0.811534 2.035600 0.998833
v 0.815971 2.030277 0.998547
v 0.818765 2.024976 0.998880
v 0.820412 2.019660 0.998620
v 0.820975 2.013685 0.998565
v 0.820233 2.007496 0.998833
v 0.818563 2.002292 0.998568
v 0.815162 1.996299 0.998937
v 0.811573 1.991933 0.998793
v 0.808305 1.989206 0.998582
v 0.803669 1.986709 0.998922
v 0.796401 1.984349 0.998533
v 0.790191 1.983736 0.998680
v 0.784744 1.984300 0.998830
v 0.779362 1.985914 0.998584
v 0.774359 1.988625 0.998806
v 0.769415 1.992660 0.998770
v 0.765962 1.996793 0.998615
v 0.762941 2.002479 0.998647
v 0.761214 2.008347 0.998897
v 0.760611 2.014232 0.998464
v 0.761143 2.019010 0.998932
v 0.763263 2.026093 0.998758
v 0.765869 2.031054 0.998515
v 0.769556 2.035397 0.998623
v 0.774712 2.039411 0.999070
v 0.779381 2.041918 0.998417
v 0.784815 2.043463 0.998921
v 0.791226 2.044063 0.998638
v 0.796050 2.043544 0.998691
v -0.794364 2.043829 0.998872
v -0.787816 2.043235 0.998632
v -0.782081 2.041492 0.998627
v -0.777743 2.039104 0.998707
v -0.773222 2.035295 0.998826
v -0.769074 2.030240 0.998698
v -0.766379 2.025165 0.998584
v -0.764793 2.019653 0.998853
v -0.764213 2.013486 0.998613
v -0.764850 2.007683 0.998763
v -0.766542 2.002294 0.998656
v -0.769649 1.996661 0.998786
v -0.773118 1.992495 0.998674
v -0.777790 1.988710 0.998846
v -0.782987 1.985924 0.998479
v -0.787904 1.984501 0.999060
v -0.794438 1.983773 0.998513
v -0.800600 1.984398 0.998775
v -0.806155 1.986108 0.998598
v -0.811057 1.988815 0.998779
v -0.816492 1.993358 0.998707
v -0.819769 1.997400 0.998786
v -0.822097 2.001743 0.998696
v -0.824016 2.008077 0.998621
v -0.824581 2.014502 0.998771
v -0.823974 2.020188 0.998621
v -0.822126 2.025949 0.998754
v -0.819354 2.030935 0.998613
v -0.815091 2.035891 0.998884
v -0.811040 2.039182 0.998749
v -0.805626 2.042057 0.998483
v -0.801465 2.043221 0.998851
v -0.794988 0.453555 0.998959
v -0.788195 0.453003 0.998489
v -0.782879 0.451375 0.998778
v -0.777597 0.448518 0.998605
v -0.772963 0.444612 0.998823
v -0.769107 0.439878 0.998694
v -0.766573 0.435128 0.998783
v -0.764816 0.429312 0.998450
v -0.764345 0.422872 0.998984
v -0.764931 0.417158 0.998615
v -0.766675 0.411556 0.998762
v -0.769196 0.406881 0.998738
v -0.773442 0.401719 0.998630
v -0.777275 0.398596 0.998938
v -0.782481 0.395729 0.998512
v -0.788305 0.393983 0.998806
v -0.794378 0.393370 0.998739
v -0.800178 0.393897 0.998699
v -0.806386 0.395747 0.998636
v -0.811411 0.398466 0.998682
v -0.814627 0.401130 0.998880
v -0.819975 0.407506 0.998605
v -0.822095 0.411477 0.998660
v -0.823941 0.417730 0.998821
v -0.824532 0.423489 0.998717
v -0.824017 0.429201 0.998745
v -0.822175 0.435410 0.998487
v -0.820180 0.439078 0.999015
v -0.815326 0.445156 0.998584
v -0.811117 0.448627 0.998680
v -0.805571 0.451539 0.998620
v -0.800149 0.453082 0.998773
v 0.789907 0.453558 0.998913
v 0.797159 0.452841 0.998580
v 0.803285 0.450896 0.998702
v 0.807394 0.448621 0.998792
v 0.812476 0.444389 0.998676
v 0.815482 0.440663 0.998735
v 0.818775 0.434410 0.998747
v 0.820470 0.428761 0.998657
v 0.820938 0.423335 0.998578
v 0.820228 0.417473 0.999012
v 0.818580 0.411982 0.998554
v 0.815310 0.406018 0.998645
v 0.811526 0.401571 0.998910
v 0.807691 0.398419 0.998669
v 0.802522 0.395656 0.998654
v 0.796908 0.393984 0.998809
v 0.791129 0.393386 0.998736
v 0.785051 0.393925 0.998693
v 0.778910 0.395720 0.998795
v 0.774104 0.398203 0.998544
v 0.769218 0.402249 0.998659
v 0.765548 0.406867 0.998685
v 0.763137 0.411523 0.998991
v 0.761307 0.417252 0.998627
v 0.760608 0.423665 0.998698
v 0.761101 0.428939 0.998650
v 0.762865 0.434682 0.998667
v 0.765955 0.440369 0.998873
v 0.769335 0.444536 0.998566
v 0.774545 0.448779 0.998862
v 0.779453 0.451443 0.998593
v 0.785304 0.453177 0.998598
v 0.998104 2.044000 -0.790456
v 0.998084 2.043428 -0.796324
v 0.998092 2.041680 -0.802099
v 0.998076 2.038980 -0.807150
v 0.998097 2.035177 -0.811771
v 0.998138 2.030688 -0.815455
v 0.998032 2.025399 -0.818307
v 0.998124 2.019853 -0.819984
v 0.998081 2.013845 -0.820581
v 0.998093 2.007939 -0.820003
v 0.998083 2.002343 -0.818307
v 0.998093 1.997163 -0.815534
v 0.998100 1.992545 -0.811743
v 0.998083 1.988786 -0.807169
v 0.998093 1.986045 -0.802042
v 0.998098 1.984333 -0.796405
v 0.998073 1.983737 -0.790397
v 0.998083 1.984334 -0.784433
v 0.998104 1.986036 -0.778874
v 0.998101 1.988795 -0.773726
v 0.998089 1.992525 -0.769178
v 0.998090 1.997169 -0.765363
v 0.998090 2.002342 -0.762597
v 0.998080 2.007979 -0.760888
v 0.998112 2.013882 -0.760313
v 0.998090 2.019747 -0.760884
v 0.998105 2.025498 -0.762618
v 0.998073 2.030529 -0.765289
v 0.998084 2.035159 -0.769082
v 0.998100 2.038905 -0.773648
v 0.998081 2.041754 -0.778973
v 0.998091 2.043409 -0.784437
v 0.998083 2.044023 0.794732
v 0.998127 2.043427 0.788776
v 0.998071 2.041753 0.783224
v 0.998088 2.038929 0.777940
v 0.998114 2.035200 0.773397
v 0.998066 2.030661 0.769658
v 0.998098 2.025469 0.766885
v 0.998086 2.019812 0.765170
v 0.998109 2.013849 0.764583
v 0.998078 2.008041 0.765146
v 0.998074 2.002360 0.766869
v 0.998091 1.997138 0.769675
v 0.998122 1.992582 0.773427
v 0.998078 1.988730 0.778108
v 0.998108 1.986012 0.783179
v 0.998067 1.984321 0.788714
v 0.998049 1.983720 0.794911
v 0.998136 1.984303 0.800505
v 0.998059 1.986157 0.806553
v 0.998123 1.988824 0.811487
v 0.998083 1.992579 0.816044
v 0.998091 1.997096 0.819735
v 0.998130 2.002409 0.822565
v 0.998057 2.007961 0.824260
v 0.998106 2.013877 0.824840
v 0.998097 2.019802 0.824259
v 0.998067 2.025467 0.822545
v 0.998104 2.030638 0.819770
v 0.998079 2.035199 0.816019
v 0.998121 2.038904 0.811489
v 0.998092 2.041757 0.806174
v 0.998067 2.043447 0.800641
v 0.998114 0.453579 0.794738
v 0.998079 0.452997 0.788814
v 0.998118 0.451261 0.783090
v 0.998075 0.448571 0.778027
v 0.998068 0.444740 0.773353
v 0.998135 0.440237 0.769668
v 0.998062 0.435046 0.766878
v 0.998091 0.429276 0.765128
v 0.998095 0.423455 0.764559
v 0.998091 0.417570 0.765140
v 0.998094 0.411907 0.766859
v 0.998090 0.406694 0.769645
v 0.998091 0.402132 0.773389
v 0.998093 0.398377 0.777965
v 0.998089 0.395598 0.783163
v 0.998094 0.393877 0.788840
v 0.998088 0.393301 0.794690
v 0.998095 0.393882 0.800571
v 0.998090 0.395599 0.806231
v 0.998097 0.398399 0.811469
v 0.998087 0.402141 0.816032
v 0.998097 0.406686 0.819764
v 0.998088 0.411897 0.822554
v 0.998096 0.417613 0.824291
v 0.998067 0.423414 0.824864
v 0.998105 0.429268 0.824275
v 0.998088 0.435030 0.822520
v 0.998102 0.440257 0.819720
v 0.998076 0.444785 0.816003
v 0.998120 0.448492 0.811479
v 0.998066 0.451280 0.806282
v 0.998083 0.453020 0.800525
v 0.998091 0.453589 -0.790467
v 0.998092 0.453019 -0.796257
v 0.998099 0.451271 -0.802025
v 0.998076 0.448511 -0.807196
v 0.998097 0.444791 -0.811723
v 0.998099 0.440200 -0.815489
v 0.998086 0.434957 -0.818296
v 0.998090 0.429320 -0.820008
v 0.998095 0.423431 -0.820589
v 0.998088 0.417573 -0.820015
v 0.998082 0.411921 -0.818302
v 0.998100 0.406681 -0.815496
v 0.998093 0.402153 -0.811779
v 0.998082 0.398375 -0.807179
v 0.998102 0.395600 -0.801977
v 0.998090 0.393889 -0.796342
v 0.998091 0.393305 -0.790442
v 0.998088 0.393878 -0.784610
v 0.998094 0.395614 -0.778886
v 0.998087 0.398392 -0.773687
v 0.998091 0.402154 -0.769104
v 0.998097 0.406691 -0.765382
v 0.998080 0.411902 -0.762594
v 0.998102 0.417526 -0.760892
v 0.998085 0.423462 -0.760306
v 0.998087 0.429300 -0.760883
v 0.998111 0.434992 -0.762613
v 0.998075 0.440190 -0.765383
v 0.998092 0.444775 -0.769147
v 0.998095 0.448499 -0.773690
v 0.998096 0.451302 -0.778934
v 0.998088 0.453005 -0.784543
vt 0.137607 0.512607
vt 0.362393 0.512607
vt 0.362393 0.737393
vt 0.137607 0.737393
vt 0.387607 0.012607
vt 0.612393 0.012607
vt 0.598336 0.018081
vt 0.596914 0.018268
vt 0.595531 0.018680
vt 0.594184 0.019390
vt 0.593081 0.020325
vt 0.592109 0.021503
vt 0.591398 0.022794
vt 0.590968 0.024252
vt 0.590874 0.025673
vt 0.591005 0.027057
vt 0.591417 0.028535
vt 0.592090 0.029769
vt 0.593100 0.031022
vt 0.594278 0.031994
vt 0.595474 0.032611
vt 0.596971 0.033060
vt 0.598373 0.033228
vt 0.598152 0.216269
vt 0.596899 0.216415
vt 0.595497 0.216827
vt 0.594151 0.217555
vt 0.593029 0.218509
vt 0.592132 0.219652
vt 0.591515 0.220737
vt 0.591010 0.222325
vt 0.590861 0.223783
vt 0.590992 0.225187
vt 0.591404 0.226607
vt 0.592077 0.227878
vt 0.593031 0.229094
vt 0.594303 0.230141
vt 0.595574 0.230795
vt 0.596995 0.231226
vt 0.598716 0.231375
vt 0.612393 0.237393
vt 0.387607 0.237393
vt 0.399598 0.231350
vt 0.401114 0.231218
vt 0.402591 0.230772
vt 0.403880 0.230004
vt 0.405005 0.229086
vt 0.405887 0.228000
vt 0.406588 0.226660
vt 0.407037 0.225239
vt 0.407153 0.223854
vt 0.406982 0.222152
vt 0.406606 0.220955
vt 0.405913 0.219682
vt 0.404928 0.218445
vt 0.403764 0.217478
vt 0.402442 0.216823
vt 0.400958 0.216373
vt 0.399581 0.216261
vt 0.399604 0.033230
vt 0.400931 0.033096
vt 0.402478 0.032646
vt 0.403748 0.031970
vt 0.404895 0.031021
vt 0.405905 0.029865
vt 0.406617 0.028551
vt 0.407023 0.027153
vt 0.407154 0.025691
vt 0.407042 0.024180
vt 0.406574 0.022699
vt 0.405885 0.021426
vt 0.404927 0.020322
vt 0.403751 0.019333
vt 0.402428 0.018626
vt 0.400950 0.018232
vt 0.399564 0.018100
vt 0.387607 0.762607
vt 0.399478 0.966736
vt 0.398073 0.966906
vt 0.396651 0.967355
vt 0.395443 0.968008
vt 0.394203 0.969018
vt 0.393383 0.970047
vt 0.392651 0.971337
vt 0.392221 0.972815
vt 0.392072 0.974273
vt 0.392202 0.975733
vt 0.392653 0.977246
vt 0.393364 0.978554
vt 0.394148 0.979490
vt 0.395496 0.980631
vt 0.396692 0.981267
vt 0.398167 0.981697
vt 0.399589 0.981845
vt 0.387607 0.987393
vt 0.637607 0.512607
vt 0.862393 0.512607
vt 0.862393 0.737393
vt 0.637607 0.737393
vt 0.387607 0.512607
vt 0.399447 0.716779
vt 0.398146 0.716931
vt 0.396671 0.717396
vt 0.395323 0.718107
vt 0.394049 0.719229
vt 0.393339 0.720127
vt 0.392686 0.721362
vt 0.392201 0.722858
vt 0.392070 0.724261
vt 0.392202 0.725736
vt 0.392594 0.727122
vt 0.393342 0.728524
vt 0.394257 0.729664
vt 0.395341 0.730545
vt 0.396743 0.731330
vt 0.398164 0.731760
vt 0.399569 0.731889
vt 0.387607 0.737393
vt 0.612393 0.487393
vt 0.625000 0.487393
vt 0.612393 0.500000
vt 0.362393 0.500000
vt 0.375000 0.512607
vt 0.612393 0.737393
vt 0.625000 0.737393
vt 0.612393 0.750000
vt 0.387607 0.750000
vt 0.375000 0.737393
vt 0.612393 0.262607
vt 0.612393 0.250000
vt 0.625000 0.262607
vt 0.387607 0.250000
vt 0.375000 0.237393
vt 0.612393 0.000000
vt 0.625000 0.012607
vt 0.137607 0.750000
vt 0.125000 0.737393
vt 0.125000 0.512607
vt 0.137607 0.500000
vt 0.612393 0.512607
vt 0.387607 0.487393
vt 0.612393 0.987393
vt 0.612393 1.000000
vt 0.387607 1.000000
vt 0.612393 0.762607
vt 0.387607 0.262607
vt 0.862393 0.750000
vt 0.637607 0.750000
vt 0.362393 0.750000
vt 0.875000 0.512607
vt 0.875000 0.737393
vt 0.637607 0.500000
vt 0.862393 0.500000
vt 0.598359 0.268132
vt 0.596845 0.268301
vt 0.595405 0.268787
vt 0.594114 0.269479
vt 0.593049 0.270414
vt 0.592188 0.271461
vt 0.591422 0.272845
vt 0.590991 0.274229
vt 0.590861 0.275762
vt 0.591029 0.277165
vt 0.591422 0.278548
vt 0.592170 0.279895
vt 0.593104 0.281054
vt 0.594189 0.281952
vt 0.595610 0.282718
vt 0.596976 0.283092
vt 0.598490 0.283242
vt 0.598263 0.466267
vt 0.596897 0.466473
vt 0.595532 0.466868
vt 0.594148 0.467579
vt 0.592988 0.468567
vt 0.592109 0.469691
vt 0.591491 0.470869
vt 0.591005 0.472328
vt 0.590873 0.473879
vt 0.591023 0.475393
vt 0.591434 0.476740
vt 0.592181 0.478125
vt 0.593060 0.479172
vt 0.594256 0.480181
vt 0.595509 0.480780
vt 0.597098 0.481322
vt 0.598520 0.481397
vt 0.399653 0.481408
vt 0.401095 0.481257
vt 0.402420 0.480866
vt 0.403789 0.480154
vt 0.404962 0.479182
vt 0.405922 0.478021
vt 0.406629 0.476657
vt 0.407039 0.475237
vt 0.407119 0.473830
vt 0.407015 0.472395
vt 0.406538 0.470876
vt 0.405922 0.469664
vt 0.404872 0.468445
vt 0.403740 0.467531
vt 0.402496 0.466875
vt 0.400924 0.466373
vt 0.399411 0.466278
vt 0.399582 0.283272
vt 0.400986 0.283120
vt 0.402242 0.282728
vt 0.403701 0.282056
vt 0.404881 0.281102
vt 0.405873 0.279925
vt 0.406509 0.278671
vt 0.406946 0.277347
vt 0.407112 0.275868
vt 0.407040 0.274242
vt 0.406591 0.272796
vt 0.405916 0.271544
vt 0.404962 0.270389
vt 0.403863 0.269434
vt 0.402530 0.268741
vt 0.400983 0.268257
vt 0.399377 0.268127
vt 0.598483 0.783719
vt 0.599831 0.783547
vt 0.601350 0.783098
vt 0.602677 0.782413
vt 0.603854 0.781408
vt 0.604753 0.780231
vt 0.605437 0.779011
vt 0.605865 0.777577
vt 0.605994 0.776079
vt 0.605844 0.774710
vt 0.605352 0.773233
vt 0.604646 0.771907
vt 0.603811 0.770901
vt 0.602570 0.769852
vt 0.601243 0.769168
vt 0.599895 0.768740
vt 0.598333 0.768590
vt 0.400993 0.768726
vt 0.402414 0.769155
vt 0.402414 0.769155
vt 0.400993 0.768726
vt 0.598527 0.981869
vt 0.599985 0.981700
vt 0.601425 0.981250
vt 0.602716 0.980524
vt 0.603875 0.979513
vt 0.604716 0.978485
vt 0.605464 0.977100
vt 0.605801 0.975829
vt 0.605932 0.974296
vt 0.605801 0.972761
vt 0.605352 0.971287
vt 0.604679 0.970068
vt 0.603744 0.968965
vt 0.602566 0.967994
vt 0.601238 0.967281
vt 0.599836 0.966891
vt 0.598340 0.966741
vt 0.599895 0.768740
vt 0.598333 0.768590
vt 0.401029 0.981716
vt 0.402582 0.981268
vt 0.403668 0.980647
vt 0.404978 0.979620
vt 0.405907 0.978481
vt 0.406642 0.977094
vt 0.407031 0.975697
vt 0.407129 0.974400
vt 0.407032 0.972813
vt 0.406580 0.971392
vt 0.405869 0.970066
vt 0.404900 0.968924
vt 0.403745 0.967990
vt 0.402538 0.967336
vt 0.401028 0.966868
vt 0.399611 0.783700
vt 0.401031 0.783570
vt 0.402494 0.783125
vt 0.403817 0.782394
vt 0.405089 0.781406
vt 0.405916 0.780281
vt 0.406608 0.779032
vt 0.407053 0.777513
vt 0.407125 0.776226
vt 0.406997 0.774600
vt 0.406509 0.773080
vt 0.405877 0.771946
vt 0.404886 0.770749
vt 0.403837 0.769904
vt 0.399518 0.768595
vt 0.596814 0.768782
vt 0.595444 0.769210
vt 0.594075 0.769938
vt 0.593026 0.770858
vt 0.592192 0.771842
vt 0.591550 0.773062
vt 0.591015 0.774667
vt 0.590865 0.776251
vt 0.591015 0.777641
vt 0.591421 0.779032
vt 0.592127 0.780316
vt 0.593069 0.781472
vt 0.594160 0.782392
vt 0.595573 0.783141
vt 0.596985 0.783547
vt 0.596862 0.966908
vt 0.595479 0.967340
vt 0.594132 0.968089
vt 0.593048 0.968986
vt 0.592131 0.970127
vt 0.591402 0.971454
vt 0.591047 0.972761
vt 0.590860 0.974277
vt 0.591028 0.975829
vt 0.591458 0.977249
vt 0.592169 0.978521
vt 0.593179 0.979774
vt 0.594263 0.980616
vt 0.595441 0.981214
vt 0.596975 0.981719
vt 0.595441 0.981214
vt 0.596975 0.981719
vt 0.398097 0.768783
vt 0.396729 0.769171
vt 0.395273 0.769961
vt 0.394186 0.770906
vt 0.393346 0.771924
vt 0.392635 0.773250
vt 0.392225 0.774653
vt 0.392074 0.776074
vt 0.392203 0.777569
vt 0.392636 0.779028
vt 0.393289 0.780318
vt 0.394317 0.781538
vt 0.395496 0.782488
vt 0.396675 0.783084
vt 0.398037 0.783531
vt 0.403837 0.769904
vt 0.598495 0.533751
vt 0.599804 0.533620
vt 0.601225 0.533190
vt 0.602590 0.532498
vt 0.603825 0.531451
vt 0.604722 0.530329
vt 0.605414 0.529058
vt 0.605863 0.527580
vt 0.605956 0.526253
vt 0.605807 0.524682
vt 0.605358 0.523223
vt 0.604666 0.521970
vt 0.603750 0.520830
vt 0.602609 0.519932
vt 0.601319 0.519222
vt 0.599842 0.518791
vt 0.598364 0.518642
vt 0.400986 0.716914
vt 0.400986 0.716914
vt 0.399447 0.716779
vt 0.598454 0.731879
vt 0.599950 0.731731
vt 0.601334 0.731319
vt 0.602662 0.730606
vt 0.603765 0.729635
vt 0.604775 0.728440
vt 0.605485 0.727018
vt 0.605859 0.725669
vt 0.605935 0.724384
vt 0.605822 0.722814
vt 0.605373 0.721370
vt 0.604681 0.720151
vt 0.603690 0.718956
vt 0.602606 0.718078
vt 0.601203 0.717330
vt 0.599857 0.716918
vt 0.598193 0.716789
vt 0.400940 0.533626
vt 0.399613 0.533740
vt 0.399613 0.533740
vt 0.400940 0.533626
vt 0.401006 0.731742
vt 0.402542 0.731309
vt 0.403701 0.730638
vt 0.404955 0.729682
vt 0.405869 0.728564
vt 0.406655 0.727086
vt 0.407030 0.725755
vt 0.407142 0.724375
vt 0.406990 0.722782
vt 0.406599 0.721518
vt 0.405869 0.720089
vt 0.404915 0.718952
vt 0.403718 0.717978
vt 0.402431 0.717320
vt 0.402514 0.533160
vt 0.403903 0.532432
vt 0.405060 0.531402
vt 0.405882 0.530371
vt 0.406582 0.529072
vt 0.407028 0.527642
vt 0.407141 0.526205
vt 0.407011 0.524594
vt 0.406588 0.523259
vt 0.405847 0.521915
vt 0.404923 0.520844
vt 0.403777 0.519921
vt 0.402411 0.519169
vt 0.400991 0.518761
vt 0.399491 0.518646
vt 0.596962 0.518791
vt 0.595410 0.519240
vt 0.594045 0.520044
vt 0.593053 0.520886
vt 0.592193 0.521933
vt 0.591483 0.523186
vt 0.590996 0.524738
vt 0.590866 0.526103
vt 0.591015 0.527692
vt 0.591445 0.529076
vt 0.592118 0.530367
vt 0.593147 0.531601
vt 0.594250 0.532480
vt 0.595522 0.533172
vt 0.596943 0.533602
vt 0.596809 0.716939
vt 0.595406 0.717405
vt 0.594079 0.718138
vt 0.592975 0.719072
vt 0.592115 0.720230
vt 0.591442 0.721444
vt 0.591012 0.722848
vt 0.590862 0.724381
vt 0.591030 0.725839
vt 0.591461 0.727279
vt 0.592171 0.728606
vt 0.593087 0.729656
vt 0.594247 0.730607
vt 0.595518 0.731300
vt 0.596977 0.731749
vt 0.596943 0.533602
vt 0.598495 0.533751
vt 0.398072 0.518778
vt 0.396729 0.519230
vt 0.395326 0.519959
vt 0.394200 0.520949
vt 0.393248 0.522091
vt 0.392647 0.523267
vt 0.392161 0.524785
vt 0.392066 0.526054
vt 0.392195 0.527623
vt 0.392606 0.529046
vt 0.393297 0.530336
vt 0.394249 0.531532
vt 0.395355 0.532429
vt 0.396795 0.533215
vt 0.398120 0.533591
vt 0.402431 0.717320
vt 0.599893 0.283111
vt 0.601407 0.282644
vt 0.602698 0.281896
vt 0.603838 0.280961
vt 0.604661 0.279895
vt 0.605447 0.278455
vt 0.605858 0.276996
vt 0.605933 0.275725
vt 0.605821 0.274079
vt 0.605390 0.272751
vt 0.604680 0.271480
vt 0.603707 0.270302
vt 0.602585 0.269404
vt 0.601127 0.268637
vt 0.599837 0.268282
vt 0.598263 0.466267
vt 0.596897 0.466473
vt 0.599922 0.481266
vt 0.601213 0.480835
vt 0.602578 0.480145
vt 0.603663 0.479266
vt 0.604711 0.478050
vt 0.605459 0.476645
vt 0.605796 0.475320
vt 0.605928 0.473784
vt 0.605835 0.472402
vt 0.605405 0.470999
vt 0.604676 0.469616
vt 0.603611 0.468345
vt 0.602545 0.467540
vt 0.601330 0.466865
vt 0.599852 0.466419
vt 0.401095 0.481257
vt 0.402420 0.480866
vt 0.599852 0.466419
vt 0.398126 0.466465
vt 0.396493 0.466935
vt 0.395280 0.467664
vt 0.394196 0.468560
vt 0.393467 0.469495
vt 0.392734 0.470748
vt 0.392231 0.472300
vt 0.392080 0.473890
vt 0.392212 0.475367
vt 0.392641 0.476732
vt 0.393372 0.478116
vt 0.394326 0.479257
vt 0.395447 0.480173
vt 0.396791 0.480846
vt 0.398253 0.481257
vt 0.399653 0.481408
vt 0.398157 0.268292
vt 0.396700 0.268723
vt 0.395373 0.269435
vt 0.394304 0.270294
vt 0.393334 0.271531
vt 0.392676 0.272726
vt 0.392188 0.274165
vt 0.392037 0.275678
vt 0.392205 0.277046
vt 0.392634 0.278541
vt 0.393379 0.279980
vt 0.394331 0.281084
vt 0.395414 0.281999
vt 0.396782 0.282730
vt 0.398166 0.283124
vt 0.599888 0.033041
vt 0.601122 0.032686
vt 0.602543 0.031975
vt 0.603721 0.031003
vt 0.604694 0.029844
vt 0.605386 0.028591
vt 0.605834 0.027188
vt 0.605928 0.025673
vt 0.605834 0.024196
vt 0.605311 0.022550
vt 0.604694 0.021485
vt 0.603703 0.020288
vt 0.602618 0.019390
vt 0.601159 0.018623
vt 0.599832 0.018231
vt 0.593100 0.031022
vt 0.594278 0.031994
vt 0.599857 0.231208
vt 0.601296 0.230816
vt 0.602661 0.230068
vt 0.603802 0.229111
vt 0.604718 0.227992
vt 0.605466 0.226608
vt 0.605820 0.225221
vt 0.605951 0.223859
vt 0.605820 0.222382
vt 0.605390 0.220903
vt 0.604660 0.219561
vt 0.603800 0.218548
vt 0.602603 0.217560
vt 0.601275 0.216794
vt 0.599667 0.216341
vt 0.405913 0.219682
vt 0.404928 0.218445
vt 0.395525 0.032015
vt 0.394311 0.031041
vt 0.394311 0.031041
vt 0.395525 0.032015
vt 0.398014 0.216427
vt 0.396583 0.216875
vt 0.395409 0.217530
vt 0.394212 0.218505
vt 0.393258 0.219719
vt 0.392624 0.220952
vt 0.392211 0.222338
vt 0.392043 0.223815
vt 0.392214 0.225309
vt 0.392661 0.226788
vt 0.393352 0.228060
vt 0.394327 0.229218
vt 0.395467 0.230134
vt 0.396811 0.230826
vt 0.398174 0.231221
vt 0.592090 0.029769
vt 0.398104 0.018265
vt 0.396683 0.018697
vt 0.395373 0.019408
vt 0.394121 0.020456
vt 0.393262 0.021503
vt 0.392606 0.022756
vt 0.392214 0.024157
vt 0.392067 0.025712
vt 0.392236 0.027244
vt 0.392626 0.028554
vt 0.393298 0.029861
vt 0.396718 0.032629
vt 0.398124 0.033041
vt 0.599832 0.018231
vt 0.601159 0.018623
vt 0.602618 0.019390
vt 0.603703 0.020288
vt 0.604694 0.021485
vt 0.605311 0.022550
vt 0.605834 0.024196
vt 0.605928 0.025673
vt 0.605834 0.027188
vt 0.605386 0.028591
vt 0.604694 0.029844
vt 0.603721 0.031003
vt 0.602543 0.031975
vt 0.601122 0.032686
vt 0.599888 0.033041
vt 0.598373 0.033228
vt 0.596971 0.033060
vt 0.595474 0.032611
vt 0.591417 0.028535
vt 0.591005 0.027057
vt 0.590874 0.025673
vt 0.590968 0.024252
vt 0.591398 0.022794
vt 0.592109 0.021503
vt 0.593081 0.020325
vt 0.594184 0.019390
vt 0.595531 0.018680
vt 0.596914 0.018268
vt 0.598336 0.018081
vt 0.599667 0.216341
vt 0.601275 0.216794
vt 0.602603 0.217560
vt 0.603800 0.218548
vt 0.604660 0.219561
vt 0.605390 0.220903
vt 0.605820 0.222382
vt 0.605951 0.223859
vt 0.605820 0.225221
vt 0.605466 0.226608
vt 0.604718 0.227992
vt 0.603802 0.229111
vt 0.602661 0.230068
vt 0.601296 0.230816
vt 0.599857 0.231208
vt 0.598716 0.231375
vt 0.596995 0.231226
vt 0.595574 0.230795
vt 0.594303 0.230141
vt 0.593031 0.229094
vt 0.592077 0.227878
vt 0.591404 0.226607
vt 0.590992 0.225187
vt 0.590861 0.223783
vt 0.591010 0.222325
vt 0.591515 0.220737
vt 0.592132 0.219652
vt 0.593029 0.218509
vt 0.594151 0.217555
vt 0.595497 0.216827
vt 0.596899 0.216415
vt 0.598152 0.216269
vt 0.399581 0.216261
vt 0.400958 0.216373
vt 0.402442 0.216823
vt 0.403764 0.217478
vt 0.406606 0.220955
vt 0.406982 0.222152
vt 0.407153 0.223854
vt 0.407037 0.225239
vt 0.406588 0.226660
vt 0.405887 0.228000
vt 0.405005 0.229086
vt 0.403880 0.230004
vt 0.402591 0.230772
vt 0.401114 0.231218
vt 0.399598 0.231350
vt 0.398174 0.231221
vt 0.396811 0.230826
vt 0.395467 0.230134
vt 0.394327 0.229218
vt 0.393352 0.228060
vt 0.392661 0.226788
vt 0.392214 0.225309
vt 0.392043 0.223815
vt 0.392211 0.222338
vt 0.392624 0.220952
vt 0.393258 0.219719
vt 0.394212 0.218505
vt 0.395409 0.217530
vt 0.396583 0.216875
vt 0.398014 0.216427
vt 0.399564 0.018100
vt 0.400950 0.018232
vt 0.402428 0.018626
vt 0.403751 0.019333
vt 0.404927 0.020322
vt 0.405885 0.021426
vt 0.406574 0.022699
vt 0.407042 0.024180
vt 0.407154 0.025691
vt 0.407023 0.027153
vt 0.406617 0.028551
vt 0.405905 0.029865
vt 0.404895 0.031021
vt 0.403748 0.031970
vt 0.402478 0.032646
vt 0.400931 0.033096
vt 0.399604 0.033230
vt 0.398124 0.033041
vt 0.396718 0.032629
vt 0.393298 0.029861
vt 0.392626 0.028554
vt 0.392236 0.027244
vt 0.392067 0.025712
vt 0.392214 0.024157
vt 0.392606 0.022756
vt 0.393262 0.021503
vt 0.394121 0.020456
vt 0.395373 0.019408
vt 0.396683 0.018697
vt 0.398104 0.018265
vt 0.599837 0.268282
vt 0.601127 0.268637
vt 0.602585 0.269404
vt 0.603707 0.270302
vt 0.604680 0.271480
vt 0.605390 0.272751
vt 0.605821 0.274079
vt 0.605933 0.275725
vt 0.605858 0.276996
vt 0.605447 0.278455
vt 0.604661 0.279895
vt 0.603838 0.280961
vt 0.602698 0.281896
vt 0.601407 0.282644
vt 0.599893 0.283111
vt 0.598490 0.283242
vt 0.596976 0.283092
vt 0.595610 0.282718
vt 0.594189 0.281952
vt 0.593104 0.281054
vt 0.592170 0.279895
vt 0.591422 0.278548
vt 0.591029 0.277165
vt 0.590861 0.275762
vt 0.590991 0.274229
vt 0.591422 0.272845
vt 0.592188 0.271461
vt 0.593049 0.270414
vt 0.594114 0.269479
vt 0.595405 0.268787
vt 0.596845 0.268301
vt 0.598359 0.268132
vt 0.601330 0.466865
vt 0.602545 0.467540
vt 0.603611 0.468345
vt 0.604676 0.469616
vt 0.605405 0.470999
vt 0.605835 0.472402
vt 0.605928 0.473784
vt 0.605796 0.475320
vt 0.605459 0.476645
vt 0.604711 0.478050
vt 0.603663 0.479266
vt 0.602578 0.480145
vt 0.601213 0.480835
vt 0.599922 0.481266
vt 0.598520 0.481397
vt 0.597098 0.481322
vt 0.595509 0.480780
vt 0.594256 0.480181
vt 0.593060 0.479172
vt 0.592181 0.478125
vt 0.591434 0.476740
vt 0.591023 0.475393
vt 0.590873 0.473879
vt 0.591005 0.472328
vt 0.591491 0.470869
vt 0.592109 0.469691
vt 0.592988 0.468567
vt 0.594148 0.467579
vt 0.595532 0.466868
vt 0.399411 0.466278
vt 0.400924 0.466373
vt 0.402496 0.466875
vt 0.403740 0.467531
vt 0.404872 0.468445
vt 0.405922 0.469664
vt 0.406538 0.470876
vt 0.407015 0.472395
vt 0.407119 0.473830
vt 0.407039 0.475237
vt 0.406629 0.476657
vt 0.405922 0.478021
vt 0.404962 0.479182
vt 0.403789 0.480154
vt 0.398253 0.481257
vt 0.396791 0.480846
vt 0.395447 0.480173
vt 0.394326 0.479257
vt 0.393372 0.478116
vt 0.392641 0.476732
vt 0.392212 0.475367
vt 0.392080 0.473890
vt 0.392231 0.472300
vt 0.392734 0.470748
vt 0.393467 0.469495
vt 0.394196 0.468560
vt 0.395280 0.467664
vt 0.396493 0.466935
vt 0.398126 0.466465
vt 0.399377 0.268127
vt 0.400983 0.268257
vt 0.402530 0.268741
vt 0.403863 0.269434
vt 0.404962 0.270389
vt 0.405916 0.271544
vt 0.406591 0.272796
vt 0.407040 0.274242
vt 0.407112 0.275868
vt 0.406946 0.277347
vt 0.406509 0.278671
vt 0.405873 0.279925
vt 0.404881 0.281102
vt 0.403701 0.282056
vt 0.402242 0.282728
vt 0.400986 0.283120
vt 0.399582 0.283272
vt 0.398166 0.283124
vt 0.396782 0.282730
vt 0.395414 0.281999
vt 0.394331 0.281084
vt 0.393379 0.279980
vt 0.392634 0.278541
vt 0.392205 0.277046
vt 0.392037 0.275678
vt 0.392188 0.274165
vt 0.392676 0.272726
vt 0.393334 0.271531
vt 0.394304 0.270294
vt 0.395373 0.269435
vt 0.396700 0.268723
vt 0.398157 0.268292
vt 0.601243 0.769168
vt 0.602570 0.769852
vt 0.603811 0.770901
vt 0.604646 0.771907
vt 0.605352 0.773233
vt 0.605844 0.774710
vt 0.605994 0.776079
vt 0.605865 0.777577
vt 0.605437 0.779011
vt 0.604753 0.780231
vt 0.603854 0.781408
vt 0.602677 0.782413
vt 0.601350 0.783098
vt 0.599831 0.783547
vt 0.598483 0.783719
vt 0.596985 0.783547
vt 0.595573 0.783141
vt 0.594160 0.782392
vt 0.593069 0.781472
vt 0.592127 0.780316
vt 0.591421 0.779032
vt 0.591015 0.777641
vt 0.590865 0.776251
vt 0.591015 0.774667
vt 0.591550 0.773062
vt 0.592192 0.771842
vt 0.593026 0.770858
vt 0.594075 0.769938
vt 0.595444 0.769210
vt 0.596814 0.768782
vt 0.599836 0.966891
vt 0.601238 0.967281
vt 0.602566 0.967994
vt 0.603744 0.968965
vt 0.604679 0.970068
vt 0.605352 0.971287
vt 0.605801 0.972761
vt 0.605932 0.974296
vt 0.605801 0.975829
vt 0.605464 0.977100
vt 0.604716 0.978485
vt 0.603875 0.979513
vt 0.602716 0.980524
vt 0.601425 0.981250
vt 0.599985 0.981700
vt 0.598527 0.981869
vt 0.594263 0.980616
vt 0.593179 0.979774
vt 0.592169 0.978521
vt 0.591458 0.977249
vt 0.591028 0.975829
vt 0.590860 0.974277
vt 0.591047 0.972761
vt 0.591402 0.971454
vt 0.592131 0.970127
vt 0.593048 0.968986
vt 0.594132 0.968089
vt 0.595479 0.967340
vt 0.596862 0.966908
vt 0.598340 0.966741
vt 0.401028 0.966868
vt 0.402538 0.967336
vt 0.403745 0.967990
vt 0.404900 0.968924
vt 0.405869 0.970066
vt 0.406580 0.971392
vt 0.407032 0.972813
vt 0.407129 0.974400
vt 0.407031 0.975697
vt 0.406642 0.977094
vt 0.405907 0.978481
vt 0.404978 0.979620
vt 0.403668 0.980647
vt 0.402582 0.981268
vt 0.401029 0.981716
vt 0.399589 0.981845
vt 0.398167 0.981697
vt 0.396692 0.981267
vt 0.395496 0.980631
vt 0.394148 0.979490
vt 0.393364 0.978554
vt 0.392653 0.977246
vt 0.392202 0.975733
vt 0.392072 0.974273
vt 0.392221 0.972815
vt 0.392651 0.971337
vt 0.393383 0.970047
vt 0.394203 0.969018
vt 0.395443 0.968008
vt 0.396651 0.967355
vt 0.398073 0.966906
vt 0.399478 0.966736
vt 0.398037 0.783531
vt 0.396675 0.783084
vt 0.395496 0.782488
vt 0.394317 0.781538
vt 0.393289 0.780318
vt 0.392636 0.779028
vt 0.392203 0.777569
vt 0.392074 0.776074
vt 0.392225 0.774653
vt 0.392635 0.773250
vt 0.393346 0.771924
vt 0.394186 0.770906
vt 0.395273 0.769961
vt 0.396729 0.769171
vt 0.398097 0.768783
vt 0.399518 0.768595
vt 0.404886 0.770749
vt 0.405877 0.771946
vt 0.406509 0.773080
vt 0.406997 0.774600
vt 0.407125 0.776226
vt 0.407053 0.777513
vt 0.406608 0.779032
vt 0.405916 0.780281
vt 0.405089 0.781406
vt 0.403817 0.782394
vt 0.402494 0.783125
vt 0.401031 0.783570
vt 0.399611 0.783700
vt 0.599842 0.518791
vt 0.601319 0.519222
vt 0.602609 0.519932
vt 0.603750 0.520830
vt 0.604666 0.521970
vt 0.605358 0.523223
vt 0.605807 0.524682
vt 0.605956 0.526253
vt 0.605863 0.527580
vt 0.605414 0.529058
vt 0.604722 0.530329
vt 0.603825 0.531451
vt 0.602590 0.532498
vt 0.601225 0.533190
vt 0.599804 0.533620
vt 0.595522 0.533172
vt 0.594250 0.532480
vt 0.593147 0.531601
vt 0.592118 0.530367
vt 0.591445 0.529076
vt 0.591015 0.527692
vt 0.590866 0.526103
vt 0.590996 0.524738
vt 0.591483 0.523186
vt 0.592193 0.521933
vt 0.593053 0.520886
vt 0.594045 0.520044
vt 0.595410 0.519240
vt 0.596962 0.518791
vt 0.598364 0.518642
vt 0.599857 0.716918
vt 0.601203 0.717330
vt 0.602606 0.718078
vt 0.603690 0.718956
vt 0.604681 0.720151
vt 0.605373 0.721370
vt 0.605822 0.722814
vt 0.605935 0.724384
vt 0.605859 0.725669
vt 0.605485 0.727018
vt 0.604775 0.728440
vt 0.603765 0.729635
vt 0.602662 0.730606
vt 0.601334 0.731319
vt 0.599950 0.731731
vt 0.598454 0.731879
vt 0.596977 0.731749
vt 0.595518 0.731300
vt 0.594247 0.730607
vt 0.593087 0.729656
vt 0.592171 0.728606
vt 0.591461 0.727279
vt 0.591030 0.725839
vt 0.590862 0.724381
vt 0.591012 0.722848
vt 0.591442 0.721444
vt 0.592115 0.720230
vt 0.592975 0.719072
vt 0.594079 0.718138
vt 0.595406 0.717405
vt 0.596809 0.716939
vt 0.598193 0.716789
vt 0.403718 0.717978
vt 0.404915 0.718952
vt 0.405869 0.720089
vt 0.406599 0.721518
vt 0.406990 0.722782
vt 0.407142 0.724375
vt 0.407030 0.725755
vt 0.406655 0.727086
vt 0.405869 0.728564
vt 0.404955 0.729682
vt 0.403701 0.730638
vt 0.402542 0.731309
vt 0.401006 0.731742
vt 0.399569 0.731889
vt 0.398164 0.731760
vt 0.396743 0.731330
vt 0.395341 0.730545
vt 0.394257 0.729664
vt 0.393342 0.728524
vt 0.392594 0.727122
vt 0.392202 0.725736
vt 0.392070 0.724261
vt 0.392201 0.722858
vt 0.392686 0.721362
vt 0.393339 0.720127
vt 0.394049 0.719229
vt 0.395323 0.718107
vt 0.396671 0.717396
vt 0.398146 0.716931
vt 0.398120 0.533591
vt 0.396795 0.533215
vt 0.395355 0.532429
vt 0.394249 0.531532
vt 0.393297 0.530336
vt 0.392606 0.529046
vt 0.392195 0.527623
vt 0.392066 0.526054
vt 0.392161 0.524785
vt 0.392647 0.523267
vt 0.393248 0.522091
vt 0.394200 0.520949
vt 0.395326 0.519959
vt 0.396729 0.519230
vt 0.398072 0.518778
vt 0.399491 0.518646
vt 0.400991 0.518761
vt 0.402411 0.519169
vt 0.403777 0.519921
vt 0.404923 0.520844
vt 0.405847 0.521915
vt 0.406588 0.523259
vt 0.407011 0.524594
vt 0.407141 0.526205
vt 0.407028 0.527642
vt 0.406582 0.529072
vt 0.405882 0.530371
vt 0.405060 0.531402
vt 0.403903 0.532432
vt 0.402514 0.533160
vt 0.137607 0.512607
vt 0.137607 0.737393
vt 0.362393 0.737393
vt 0.362393 0.512607
vt 0.387607 0.012607
vt 0.399564 0.018100
vt 0.400950 0.018232
vt 0.402428 0.018626
vt 0.403751 0.019333
vt 0.404927 0.020322
vt 0.405885 0.021426
vt 0.406574 0.022699
vt 0.407042 0.024180
vt 0.407154 0.025691
vt 0.407023 0.027153
vt 0.406617 0.028551
vt 0.405905 0.029865
vt 0.404895 0.031021
vt 0.403748 0.031970
vt 0.402478 0.032646
vt 0.400931 0.033096
vt 0.399604 0.033230
vt 0.399581 0.216261
vt 0.400958 0.216373
vt 0.402442 0.216823
vt 0.403764 0.217478
vt 0.404928 0.218445
vt 0.405913 0.219682
vt 0.406606 0.220955
vt 0.406982 0.222152
vt 0.407153 0.223854
vt 0.407037 0.225239
vt 0.406588 0.226660
vt 0.405887 0.228000
vt 0.405005 0.229086
vt 0.403880 0.230004
vt 0.402591 0.230772
vt 0.401114 0.231218
vt 0.399598 0.231350
vt 0.387607 0.237393
vt 0.612393 0.237393
vt 0.598716 0.231375
vt 0.596995 0.231226
vt 0.595574 0.230795
vt 0.594303 0.230141
vt 0.593031 0.229094
vt 0.592077 0.227878
vt 0.591404 0.226607
vt 0.590992 0.225187
vt 0.590861 0.223783
vt 0.591010 0.222325
vt 0.591515 0.220737
vt 0.592132 0.219652
vt 0.593029 0.218509
vt 0.594151 0.217555
vt 0.595497 0.216827
vt 0.596899 0.216415
vt 0.598152 0.216269
vt 0.598373 0.033228
vt 0.596971 0.033060
vt 0.595474 0.032611
vt 0.594278 0.031994
vt 0.593100 0.031022
vt 0.592090 0.029769
vt 0.591417 0.028535
vt 0.591005 0.027057
vt 0.590874 0.025673
vt 0.590968 0.024252
vt 0.591398 0.022794
vt 0.592109 0.021503
vt 0.593081 0.020325
vt 0.594184 0.019390
vt 0.595531 0.018680
vt 0.596914 0.018268
vt 0.598336 0.018081
vt 0.612393 0.012607
vt 0.387607 0.762607
vt 0.387607 0.987393
vt 0.399589 0.981845
vt 0.398167 0.981697
vt 0.396692 0.981267
vt 0.395496 0.980631
vt 0.394148 0.979490
vt 0.393364 0.978554
vt 0.392653 0.977246
vt 0.392202 0.975733
vt 0.392072 0.974273
vt 0.392221 0.972815
vt 0.392651 0.971337
vt 0.393383 0.970047
vt 0.394203 0.969018
vt 0.395443 0.968008
vt 0.396651 0.967355
vt 0.398073 0.966906
vt 0.399478 0.966736
vt 0.637607 0.512607
vt 0.637607 0.737393
vt 0.862393 0.737393
vt 0.862393 0.512607
vt 0.387607 0.512607
vt 0.387607 0.737393
vt 0.399569 0.731889
vt 0.398164 0.731760
vt 0.396743 0.731330
vt 0.395341 0.730545
vt 0.394257 0.729664
vt 0.393342 0.728524
vt 0.392594 0.727122
vt 0.392202 0.725736
vt 0.392070 0.724261
vt 0.392201 0.722858
vt 0.392686 0.721362
vt 0.393339 0.720127
vt 0.394049 0.719229
vt 0.395323 0.718107
vt 0.396671 0.717396
vt 0.398146 0.716931
vt 0.399447 0.716779
vt 0.612393 0.487393
vt 0.612393 0.500000
vt 0.625000 0.487393
vt 0.375000 0.512607
vt 0.362393 0.500000
vt 0.612393 0.737393
vt 0.612393 0.750000
vt 0.625000 0.737393
vt 0.375000 0.737393
vt 0.387607 0.750000
vt 0.612393 0.262607
vt 0.625000 0.262607
vt 0.612393 0.250000
vt 0.375000 0.237393
vt 0.387607 0.250000
vt 0.625000 0.012607
vt 0.612393 0.000000
vt 0.125000 0.737393
vt 0.137607 0.750000
vt 0.125000 0.512607
vt 0.137607 0.500000
vt 0.612393 0.512607
vt 0.387607 0.487393
vt 0.387607 1.000000
vt 0.612393 1.000000
vt 0.612393 0.987393
vt 0.612393 0.762607
vt 0.387607 0.262607
vt 0.637607 0.750000
vt 0.862393 0.750000
vt 0.362393 0.750000
vt 0.875000 0.737393
vt 0.875000 0.512607
vt 0.862393 0.500000
vt 0.637607 0.500000
vt 0.399377 0.268127
vt 0.400983 0.268257
vt 0.402530 0.268741
vt 0.403863 0.269434
vt 0.404962 0.270389
vt 0.405916 0.271544
vt 0.406591 0.272796
vt 0.407040 0.274242
vt 0.407112 0.275868
vt 0.406946 0.277347
vt 0.406509 0.278671
vt 0.405873 0.279925
vt 0.404881 0.281102
vt 0.403701 0.282056
vt 0.402242 0.282728
vt 0.400986 0.283120
vt 0.399582 0.283272
vt 0.399411 0.466278
vt 0.400924 0.466373
vt 0.402496 0.466875
vt 0.403740 0.467531
vt 0.404872 0.468445
vt 0.405922 0.469664
vt 0.406538 0.470876
vt 0.407015 0.472395
vt 0.407119 0.473830
vt 0.407039 0.475237
vt 0.406629 0.476657
vt 0.405922 0.478021
vt 0.404962 0.479182
vt 0.403789 0.480154
vt 0.402420 0.480866
vt 0.401095 0.481257
vt 0.399653 0.481408
vt 0.598520 0.481397
vt 0.597098 0.481322
vt 0.595509 0.480780
vt 0.594256 0.480181
vt 0.593060 0.479172
vt 0.592181 0.478125
vt 0.591434 0.476740
vt 0.591023 0.475393
vt 0.590873 0.473879
vt 0.591005 0.472328
vt 0.591491 0.470869
vt 0.592109 0.469691
vt 0.592988 0.468567
vt 0.594148 0.467579
vt 0.595532 0.466868
vt 0.596897 0.466473
vt 0.598263 0.466267
vt 0.598490 0.283242
vt 0.596976 0.283092
vt 0.595610 0.282718
vt 0.594189 0.281952
vt 0.593104 0.281054
vt 0.592170 0.279895
vt 0.591422 0.278548
vt 0.591029 0.277165
vt 0.590861 0.275762
vt 0.590991 0.274229
vt 0.591422 0.272845
vt 0.592188 0.271461
vt 0.593049 0.270414
vt 0.594114 0.269479
vt 0.595405 0.268787
vt 0.596845 0.268301
vt 0.598359 0.268132
vt 0.598333 0.768590
vt 0.599895 0.768740
vt 0.601243 0.769168
vt 0.602570 0.769852
vt 0.603811 0.770901
vt 0.604646 0.771907
vt 0.605352 0.773233
vt 0.605844 0.774710
vt 0.605994 0.776079
vt 0.605865 0.777577
vt 0.605437 0.779011
vt 0.604753 0.780231
vt 0.603854 0.781408
vt 0.602677 0.782413
vt 0.601350 0.783098
vt 0.599831 0.783547
vt 0.598483 0.783719
vt 0.400993 0.768726
vt 0.400993 0.768726
vt 0.402414 0.769155
vt 0.402414 0.769155
vt 0.598340 0.966741
vt 0.599836 0.966891
vt 0.601238 0.967281
vt 0.602566 0.967994
vt 0.603744 0.968965
vt 0.604679 0.970068
vt 0.605352 0.971287
vt 0.605801 0.972761
vt 0.605932 0.974296
vt 0.605801 0.975829
vt 0.605464 0.977100
vt 0.604716 0.978485
vt 0.603875 0.979513
vt 0.602716 0.980524
vt 0.601425 0.981250
vt 0.599985 0.981700
vt 0.598527 0.981869
vt 0.598333 0.768590
vt 0.599895 0.768740
vt 0.596975 0.981719
vt 0.595441 0.981214
vt 0.594263 0.980616
vt 0.593179 0.979774
vt 0.592169 0.978521
vt 0.591458 0.977249
vt 0.591028 0.975829
vt 0.590860 0.974277
vt 0.591047 0.972761
vt 0.591402 0.971454
vt 0.592131 0.970127
vt 0.593048 0.968986
vt 0.594132 0.968089
vt 0.595479 0.967340
vt 0.596862 0.966908
vt 0.596985 0.783547
vt 0.595573 0.783141
vt 0.594160 0.782392
vt 0.593069 0.781472
vt 0.592127 0.780316
vt 0.591421 0.779032
vt 0.591015 0.777641
vt 0.590865 0.776251
vt 0.591015 0.774667
vt 0.591550 0.773062
vt 0.592192 0.771842
vt 0.593026 0.770858
vt 0.594075 0.769938
vt 0.595444 0.769210
vt 0.596814 0.768782
vt 0.399518 0.768595
vt 0.403837 0.769904
vt 0.404886 0.770749
vt 0.405877 0.771946
vt 0.406509 0.773080
vt 0.406997 0.774600
vt 0.407125 0.776226
vt 0.407053 0.777513
vt 0.406608 0.779032
vt 0.405916 0.780281
vt 0.405089 0.781406
vt 0.403817 0.782394
vt 0.402494 0.783125
vt 0.401031 0.783570
vt 0.399611 0.783700
vt 0.401028 0.966868
vt 0.402538 0.967336
vt 0.403745 0.967990
vt 0.404900 0.968924
vt 0.405869 0.970066
vt 0.406580 0.971392
vt 0.407032 0.972813
vt 0.407129 0.974400
vt 0.407031 0.975697
vt 0.406642 0.977094
vt 0.405907 0.978481
vt 0.404978 0.979620
vt 0.403668 0.980647
vt 0.402582 0.981268
vt 0.401029 0.981716
vt 0.596975 0.981719
vt 0.595441 0.981214
vt 0.398037 0.783531
vt 0.396675 0.783084
vt 0.395496 0.782488
vt 0.394317 0.781538
vt 0.393289 0.780318
vt 0.392636 0.779028
vt 0.392203 0.777569
vt 0.392074 0.776074
vt 0.392225 0.774653
vt 0.392635 0.773250
vt 0.393346 0.771924
vt 0.394186 0.770906
vt 0.395273 0.769961
vt 0.396729 0.769171
vt 0.398097 0.768783
vt 0.403837 0.769904
vt 0.598364 0.518642
vt 0.599842 0.518791
vt 0.601319 0.519222
vt 0.602609 0.519932
vt 0.603750 0.520830
vt 0.604666 0.521970
vt 0.605358 0.523223
vt 0.605807 0.524682
vt 0.605956 0.526253
vt 0.605863 0.527580
vt 0.605414 0.529058
vt 0.604722 0.530329
vt 0.603825 0.531451
vt 0.602590 0.532498
vt 0.601225 0.533190
vt 0.599804 0.533620
vt 0.598495 0.533751
vt 0.399447 0.716779
vt 0.400986 0.716914
vt 0.400986 0.716914
vt 0.598193 0.716789
vt 0.599857 0.716918
vt 0.601203 0.717330
vt 0.602606 0.718078
vt 0.603690 0.718956
vt 0.604681 0.720151
vt 0.605373 0.721370
vt 0.605822 0.722814
vt 0.605935 0.724384
vt 0.605859 0.725669
vt 0.605485 0.727018
vt 0.604775 0.728440
vt 0.603765 0.729635
vt 0.602662 0.730606
vt 0.601334 0.731319
vt 0.599950 0.731731
vt 0.598454 0.731879
vt 0.400940 0.533626
vt 0.400940 0.533626
vt 0.399613 0.533740
vt 0.399613 0.533740
vt 0.596977 0.731749
vt 0.595518 0.731300
vt 0.594247 0.730607
vt 0.593087 0.729656
vt 0.592171 0.728606
vt 0.591461 0.727279
vt 0.591030 0.725839
vt 0.590862 0.724381
vt 0.591012 0.722848
vt 0.591442 0.721444
vt 0.592115 0.720230
vt 0.592975 0.719072
vt 0.594079 0.718138
vt 0.595406 0.717405
vt 0.596809 0.716939
vt 0.596943 0.533602
vt 0.595522 0.533172
vt 0.594250 0.532480
vt 0.593147 0.531601
vt 0.592118 0.530367
vt 0.591445 0.529076
vt 0.591015 0.527692
vt 0.590866 0.526103
vt 0.590996 0.524738
vt 0.591483 0.523186
vt 0.592193 0.521933
vt 0.593053 0.520886
vt 0.594045 0.520044
vt 0.595410 0.519240
vt 0.596962 0.518791
vt 0.399491 0.518646
vt 0.400991 0.518761
vt 0.402411 0.519169
vt 0.403777 0.519921
vt 0.404923 0.520844
vt 0.405847 0.521915
vt 0.406588 0.523259
vt 0.407011 0.524594
vt 0.407141 0.526205
vt 0.407028 0.527642
vt 0.406582 0.529072
vt 0.405882 0.530371
vt 0.405060 0.531402
vt 0.403903 0.532432
vt 0.402514 0.533160
vt 0.402431 0.717320
vt 0.403718 0.717978
vt 0.404915 0.718952
vt 0.405869 0.720089
vt 0.406599 0.721518
vt 0.406990 0.722782
vt 0.407142 0.724375
vt 0.407030 0.725755
vt 0.406655 0.727086
vt 0.405869 0.728564
vt 0.404955 0.729682
vt 0.403701 0.730638
vt 0.402542 0.731309
vt 0.401006 0.731742
vt 0.598495 0.533751
vt 0.596943 0.533602
vt 0.398120 0.533591
vt 0.396795 0.533215
vt 0.395355 0.532429
vt 0.394249 0.531532
vt 0.393297 0.530336
vt 0.392606 0.529046
vt 0.392195 0.527623
vt 0.392066 0.526054
vt 0.392161 0.524785
vt 0.392647 0.523267
vt 0.393248 0.522091
vt 0.394200 0.520949
vt 0.395326 0.519959
vt 0.396729 0.519230
vt 0.398072 0.518778
vt 0.402431 0.717320
vt 0.599837 0.268282
vt 0.601127 0.268637
vt 0.602585 0.269404
vt 0.603707 0.270302
vt 0.604680 0.271480
vt 0.605390 0.272751
vt 0.605821 0.274079
vt 0.605933 0.275725
vt 0.605858 0.276996
vt 0.605447 0.278455
vt 0.604661 0.279895
vt 0.603838 0.280961
vt 0.602698 0.281896
vt 0.601407 0.282644
vt 0.599893 0.283111
vt 0.596897 0.466473
vt 0.598263 0.466267
vt 0.599852 0.466419
vt 0.601330 0.466865
vt 0.602545 0.467540
vt 0.603611 0.468345
vt 0.604676 0.469616
vt 0.605405 0.470999
vt 0.605835 0.472402
vt 0.605928 0.473784
vt 0.605796 0.475320
vt 0.605459 0.476645
vt 0.604711 0.478050
vt 0.603663 0.479266
vt 0.602578 0.480145
vt 0.601213 0.480835
vt 0.599922 0.481266
vt 0.402420 0.480866
vt 0.401095 0.481257
vt 0.599852 0.466419
vt 0.398126 0.466465
vt 0.398253 0.481257
vt 0.396791 0.480846
vt 0.395447 0.480173
vt 0.394326 0.479257
vt 0.393372 0.478116
vt 0.392641 0.476732
vt 0.392212 0.475367
vt 0.392080 0.473890
vt 0.392231 0.472300
vt 0.392734 0.470748
vt 0.393467 0.469495
vt 0.394196 0.468560
vt 0.395280 0.467664
vt 0.396493 0.466935
vt 0.399653 0.481408
vt 0.398157 0.268292
vt 0.398166 0.283124
vt 0.396782 0.282730
vt 0.395414 0.281999
vt 0.394331 0.281084
vt 0.393379 0.279980
vt 0.392634 0.278541
vt 0.392205 0.277046
vt 0.392037 0.275678
vt 0.392188 0.274165
vt 0.392676 0.272726
vt 0.393334 0.271531
vt 0.394304 0.270294
vt 0.395373 0.269435
vt 0.396700 0.268723
vt 0.599832 0.018231
vt 0.601159 0.018623
vt 0.602618 0.019390
vt 0.603703 0.020288
vt 0.604694 0.021485
vt 0.605311 0.022550
vt 0.605834 0.024196
vt 0.605928 0.025673
vt 0.605834 0.027188
vt 0.605386 0.028591
vt 0.604694 0.029844
vt 0.603721 0.031003
vt 0.602543 0.031975
vt 0.601122 0.032686
vt 0.599888 0.033041
vt 0.594278 0.031994
vt 0.593100 0.031022
vt 0.599667 0.216341
vt 0.601275 0.216794
vt 0.602603 0.217560
vt 0.603800 0.218548
vt 0.604660 0.219561
vt 0.605390 0.220903
vt 0.605820 0.222382
vt 0.605951 0.223859
vt 0.605820 0.225221
vt 0.605466 0.226608
vt 0.604718 0.227992
vt 0.603802 0.229111
vt 0.602661 0.230068
vt 0.601296 0.230816
vt 0.599857 0.231208
vt 0.404928 0.218445
vt 0.405913 0.219682
vt 0.395525 0.032015
vt 0.395525 0.032015
vt 0.394311 0.031041
vt 0.394311 0.031041
vt 0.398014 0.216427
vt 0.398174 0.231221
vt 0.396811 0.230826
vt 0.395467 0.230134
vt 0.394327 0.229218
vt 0.393352 0.228060
vt 0.392661 0.226788
vt 0.392214 0.225309
vt 0.392043 0.223815
vt 0.392211 0.222338
vt 0.392624 0.220952
vt 0.393258 0.219719
vt 0.394212 0.218505
vt 0.395409 0.217530
vt 0.396583 0.216875
vt 0.592090 0.029769
vt 0.398104 0.018265
vt 0.398124 0.033041
vt 0.396718 0.032629
vt 0.393298 0.029861
vt 0.392626 0.028554
vt 0.392236 0.027244
vt 0.392067 0.025712
vt 0.392214 0.024157
vt 0.392606 0.022756
vt 0.393262 0.021503
vt 0.394121 0.020456
vt 0.395373 0.019408
vt 0.396683 0.018697
vt 0.599832 0.018231
vt 0.598336 0.018081
vt 0.596914 0.018268
vt 0.595531 0.018680
vt 0.594184 0.019390
vt 0.593081 0.020325
vt 0.592109 0.021503
vt 0.591398 0.022794
vt 0.590968 0.024252
vt 0.590874 0.025673
vt 0.591005 0.027057
vt 0.591417 0.028535
vt 0.595474 0.032611
vt 0.596971 0.033060
vt 0.598373 0.033228
vt 0.599888 0.033041
vt 0.601122 0.032686
vt 0.602543 0.031975
vt 0.603721 0.031003
vt 0.604694 0.029844
vt 0.605386 0.028591
vt 0.605834 0.027188
vt 0.605928 0.025673
vt 0.605834 0.024196
vt 0.605311 0.022550
vt 0.604694 0.021485
vt 0.603703 0.020288
vt 0.602618 0.019390
vt 0.601159 0.018623
vt 0.599667 0.216341
vt 0.598152 0.216269
vt 0.596899 0.216415
vt 0.595497 0.216827
vt 0.594151 0.217555
vt 0.593029 0.218509
vt 0.592132 0.219652
vt 0.591515 0.220737
vt 0.591010 0.222325
vt 0.590861 0.223783
vt 0.590992 0.225187
vt 0.591404 0.226607
vt 0.592077 0.227878
vt 0.593031 0.229094
vt 0.594303 0.230141
vt 0.595574 0.230795
vt 0.596995 0.231226
vt 0.598716 0.231375
vt 0.599857 0.231208
vt 0.601296 0.230816
vt 0.602661 0.230068
vt 0.603802 0.229111
vt 0.604718 0.227992
vt 0.605466 0.226608
vt 0.605820 0.225221
vt 0.605951 0.223859
vt 0.605820 0.222382
vt 0.605390 0.220903
vt 0.604660 0.219561
vt 0.603800 0.218548
vt 0.602603 0.217560
vt 0.601275 0.216794
vt 0.399581 0.216261
vt 0.398014 0.216427
vt 0.396583 0.216875
vt 0.395409 0.217530
vt 0.394212 0.218505
vt 0.393258 0.219719
vt 0.392624 0.220952
vt 0.392211 0.222338
vt 0.392043 0.223815
vt 0.392214 0.225309
vt 0.392661 0.226788
vt 0.393352 0.228060
vt 0.394327 0.229218
vt 0.395467 0.230134
vt 0.396811 0.230826
vt 0.398174 0.231221
vt 0.399598 0.231350
vt 0.401114 0.231218
vt 0.402591 0.230772
vt 0.403880 0.230004
vt 0.405005 0.229086
vt 0.405887 0.228000
vt 0.406588 0.226660
vt 0.407037 0.225239
vt 0.407153 0.223854
vt 0.406982 0.222152
vt 0.406606 0.220955
vt 0.403764 0.217478
vt 0.402442 0.216823
vt 0.400958 0.216373
vt 0.399564 0.018100
vt 0.398104 0.018265
vt 0.396683 0.018697
vt 0.395373 0.019408
vt 0.394121 0.020456
vt 0.393262 0.021503
vt 0.392606 0.022756
vt 0.392214 0.024157
vt 0.392067 0.025712
vt 0.392236 0.027244
vt 0.392626 0.028554
vt 0.393298 0.029861
vt 0.396718 0.032629
vt 0.398124 0.033041
vt 0.399604 0.033230
vt 0.400931 0.033096
vt 0.402478 0.032646
vt 0.403748 0.031970
vt 0.404895 0.031021
vt 0.405905 0.029865
vt 0.406617 0.028551
vt 0.407023 0.027153
vt 0.407154 0.025691
vt 0.407042 0.024180
vt 0.406574 0.022699
vt 0.405885 0.021426
vt 0.404927 0.020322
vt 0.403751 0.019333
vt 0.402428 0.018626
vt 0.400950 0.018232
vt 0.599837 0.268282
vt 0.598359 0.268132
vt 0.596845 0.268301
vt 0.595405 0.268787
vt 0.594114 0.269479
vt 0.593049 0.270414
vt 0.592188 0.271461
vt 0.591422 0.272845
vt 0.590991 0.274229
vt 0.590861 0.275762
vt 0.591029 0.277165
vt 0.591422 0.278548
vt 0.592170 0.279895
vt 0.593104 0.281054
vt 0.594189 0.281952
vt 0.595610 0.282718
vt 0.596976 0.283092
vt 0.598490 0.283242
vt 0.599893 0.283111
vt 0.601407 0.282644
vt 0.602698 0.281896
vt 0.603838 0.280961
vt 0.604661 0.279895
vt 0.605447 0.278455
vt 0.605858 0.276996
vt 0.605933 0.275725
vt 0.605821 0.274079
vt 0.605390 0.272751
vt 0.604680 0.271480
vt 0.603707 0.270302
vt 0.602585 0.269404
vt 0.601127 0.268637
vt 0.595532 0.466868
vt 0.594148 0.467579
vt 0.592988 0.468567
vt 0.592109 0.469691
vt 0.591491 0.470869
vt 0.591005 0.472328
vt 0.590873 0.473879
vt 0.591023 0.475393
vt 0.591434 0.476740
vt 0.592181 0.478125
vt 0.593060 0.479172
vt 0.594256 0.480181
vt 0.595509 0.480780
vt 0.597098 0.481322
vt 0.598520 0.481397
vt 0.599922 0.481266
vt 0.601213 0.480835
vt 0.602578 0.480145
vt 0.603663 0.479266
vt 0.604711 0.478050
vt 0.605459 0.476645
vt 0.605796 0.475320
vt 0.605928 0.473784
vt 0.605835 0.472402
vt 0.605405 0.470999
vt 0.604676 0.469616
vt 0.603611 0.468345
vt 0.602545 0.467540
vt 0.601330 0.466865
vt 0.399411 0.466278
vt 0.398126 0.466465
vt 0.396493 0.466935
vt 0.395280 0.467664
vt 0.394196 0.468560
vt 0.393467 0.469495
vt 0.392734 0.470748
vt 0.392231 0.472300
vt 0.392080 0.473890
vt 0.392212 0.475367
vt 0.392641 0.476732
vt 0.393372 0.478116
vt 0.394326 0.479257
vt 0.395447 0.480173
vt 0.396791 0.480846
vt 0.398253 0.481257
vt 0.403789 0.480154
vt 0.404962 0.479182
vt 0.405922 0.478021
vt 0.406629 0.476657
vt 0.407039 0.475237
vt 0.407119 0.473830
vt 0.407015 0.472395
vt 0.406538 0.470876
vt 0.405922 0.469664
vt 0.404872 0.468445
vt 0.403740 0.467531
vt 0.402496 0.466875
vt 0.400924 0.466373
vt 0.399377 0.268127
vt 0.398157 0.268292
vt 0.396700 0.268723
vt 0.395373 0.269435
vt 0.394304 0.270294
vt 0.393334 0.271531
vt 0.392676 0.272726
vt 0.392188 0.274165
vt 0.392037 0.275678
vt 0.392205 0.277046
vt 0.392634 0.278541
vt 0.393379 0.279980
vt 0.394331 0.281084
vt 0.395414 0.281999
vt 0.396782 0.282730
vt 0.398166 0.283124
vt 0.399582 0.283272
vt 0.400986 0.283120
vt 0.402242 0.282728
vt 0.403701 0.282056
vt 0.404881 0.281102
vt 0.405873 0.279925
vt 0.406509 0.278671
vt 0.406946 0.277347
vt 0.407112 0.275868
vt 0.407040 0.274242
vt 0.406591 0.272796
vt 0.405916 0.271544
vt 0.404962 0.270389
vt 0.403863 0.269434
vt 0.402530 0.268741
vt 0.400983 0.268257
vt 0.596814 0.768782
vt 0.595444 0.769210
vt 0.594075 0.769938
vt 0.593026 0.770858
vt 0.592192 0.771842
vt 0.591550 0.773062
vt 0.591015 0.774667
vt 0.590865 0.776251
vt 0.591015 0.777641
vt 0.591421 0.779032
vt 0.592127 0.780316
vt 0.593069 0.781472
vt 0.594160 0.782392
vt 0.595573 0.783141
vt 0.596985 0.783547
vt 0.598483 0.783719
vt 0.599831 0.783547
vt 0.601350 0.783098
vt 0.602677 0.782413
vt 0.603854 0.781408
vt 0.604753 0.780231
vt 0.605437 0.779011
vt 0.605865 0.777577
vt 0.605994 0.776079
vt 0.605844 0.774710
vt 0.605352 0.773233
vt 0.604646 0.771907
vt 0.603811 0.770901
vt 0.602570 0.769852
vt 0.601243 0.769168
vt 0.599836 0.966891
vt 0.598340 0.966741
vt 0.596862 0.966908
vt 0.595479 0.967340
vt 0.594132 0.968089
vt 0.593048 0.968986
vt 0.592131 0.970127
vt 0.591402 0.971454
vt 0.591047 0.972761
vt 0.590860 0.974277
vt 0.591028 0.975829
vt 0.591458 0.977249
vt 0.592169 0.978521
vt 0.593179 0.979774
vt 0.594263 0.980616
vt 0.598527 0.981869
vt 0.599985 0.981700
vt 0.601425 0.981250
vt 0.602716 0.980524
vt 0.603875 0.979513
vt 0.604716 0.978485
vt 0.605464 0.977100
vt 0.605801 0.975829
vt 0.605932 0.974296
vt 0.605801 0.972761
vt 0.605352 0.971287
vt 0.604679 0.970068
vt 0.603744 0.968965
vt 0.602566 0.967994
vt 0.601238 0.967281
vt 0.401028 0.966868
vt 0.399478 0.966736
vt 0.398073 0.966906
vt 0.396651 0.967355
vt 0.395443 0.968008
vt 0.394203 0.969018
vt 0.393383 0.970047
vt 0.392651 0.971337
vt 0.392221 0.972815
vt 0.392072 0.974273
vt 0.392202 0.975733
vt 0.392653 0.977246
vt 0.393364 0.978554
vt 0.394148 0.979490
vt 0.395496 0.980631
vt 0.396692 0.981267
vt 0.398167 0.981697
vt 0.399589 0.981845
vt 0.401029 0.981716
vt 0.402582 0.981268
vt 0.403668 0.980647
vt 0.404978 0.979620
vt 0.405907 0.978481
vt 0.406642 0.977094
vt 0.407031 0.975697
vt 0.407129 0.974400
vt 0.407032 0.972813
vt 0.406580 0.971392
vt 0.405869 0.970066
vt 0.404900 0.968924
vt 0.403745 0.967990
vt 0.402538 0.967336
vt 0.398037 0.783531
vt 0.399611 0.783700
vt 0.401031 0.783570
vt 0.402494 0.783125
vt 0.403817 0.782394
vt 0.405089 0.781406
vt 0.405916 0.780281
vt 0.406608 0.779032
vt 0.407053 0.777513
vt 0.407125 0.776226
vt 0.406997 0.774600
vt 0.406509 0.773080
vt 0.405877 0.771946
vt 0.404886 0.770749
vt 0.399518 0.768595
vt 0.398097 0.768783
vt 0.396729 0.769171
vt 0.395273 0.769961
vt 0.394186 0.770906
vt 0.393346 0.771924
vt 0.392635 0.773250
vt 0.392225 0.774653
vt 0.392074 0.776074
vt 0.392203 0.777569
vt 0.392636 0.779028
vt 0.393289 0.780318
vt 0.394317 0.781538
vt 0.395496 0.782488
vt 0.396675 0.783084
vt 0.599842 0.518791
vt 0.598364 0.518642
vt 0.596962 0.518791
vt 0.595410 0.519240
vt 0.594045 0.520044
vt 0.593053 0.520886
vt 0.592193 0.521933
vt 0.591483 0.523186
vt 0.590996 0.524738
vt 0.590866 0.526103
vt 0.591015 0.527692
vt 0.591445 0.529076
vt 0.592118 0.530367
vt 0.593147 0.531601
vt 0.594250 0.532480
vt 0.595522 0.533172
vt 0.599804 0.533620
vt 0.601225 0.533190
vt 0.602590 0.532498
vt 0.603825 0.531451
vt 0.604722 0.530329
vt 0.605414 0.529058
vt 0.605863 0.527580
vt 0.605956 0.526253
vt 0.605807 0.524682
vt 0.605358 0.523223
vt 0.604666 0.521970
vt 0.603750 0.520830
vt 0.602609 0.519932
vt 0.601319 0.519222
vt 0.599857 0.716918
vt 0.598193 0.716789
vt 0.596809 0.716939
vt 0.595406 0.717405
vt 0.594079 0.718138
vt 0.592975 0.719072
vt 0.592115 0.720230
vt 0.591442 0.721444
vt 0.591012 0.722848
vt 0.590862 0.724381
vt 0.591030 0.725839
vt 0.591461 0.727279
vt 0.592171 0.728606
vt 0.593087 0.729656
vt 0.594247 0.730607
vt 0.595518 0.731300
vt 0.596977 0.731749
vt 0.598454 0.731879
vt 0.599950 0.731731
vt 0.601334 0.731319
vt 0.602662 0.730606
vt 0.603765 0.729635
vt 0.604775 0.728440
vt 0.605485 0.727018
vt 0.605859 0.725669
vt 0.605935 0.724384
vt 0.605822 0.722814
vt 0.605373 0.721370
vt 0.604681 0.720151
vt 0.603690 0.718956
vt 0.602606 0.718078
vt 0.601203 0.717330
vt 0.398146 0.716931
vt 0.396671 0.717396
vt 0.395323 0.718107
vt 0.394049 0.719229
vt 0.393339 0.720127
vt 0.392686 0.721362
vt 0.392201 0.722858
vt 0.392070 0.724261
vt 0.392202 0.725736
vt 0.392594 0.727122
vt 0.393342 0.728524
vt 0.394257 0.729664
vt 0.395341 0.730545
vt 0.396743 0.731330
vt 0.398164 0.731760
vt 0.399569 0.731889
vt 0.401006 0.731742
vt 0.402542 0.731309
vt 0.403701 0.730638
vt 0.404955 0.729682
vt 0.405869 0.728564
vt 0.406655 0.727086
vt 0.407030 0.725755
vt 0.407142 0.724375
vt 0.406990 0.722782
vt 0.406599 0.721518
vt 0.405869 0.720089
vt 0.404915 0.718952
vt 0.403718 0.717978
vt 0.398120 0.533591
vt 0.402514 0.533160
vt 0.403903 0.532432
vt 0.405060 0.531402
vt 0.405882 0.530371
vt 0.406582 0.529072
vt 0.407028 0.527642
vt 0.407141 0.526205
vt 0.407011 0.524594
vt 0.406588 0.523259
vt 0.405847 0.521915
vt 0.404923 0.520844
vt 0.403777 0.519921
vt 0.402411 0.519169
vt 0.400991 0.518761
vt 0.399491 0.518646
vt 0.398072 0.518778
vt 0.396729 0.519230
vt 0.395326 0.519959
vt 0.394200 0.520949
vt 0.393248 0.522091
vt 0.392647 0.523267
vt 0.392161 0.524785
vt 0.392066 0.526054
vt 0.392195 0.527623
vt 0.392606 0.529046
vt 0.393297 0.530336
vt 0.394249 0.531532
vt 0.395355 0.532429
vt 0.396795 0.533215
vn 0.0000 -1.0000 0.0000
vn -1.0000 -0.0000 0.0000
vn 0.0000 0.0000 1.0000
vn 0.0000 1.0000 0.0000
vn 1.0000 0.0000 0.0000
vn 0.5774 0.5774 -0.5774
vn 0.5774 -0.5774 -0.5774
vn 0.5774 0.5774 0.5774
vn 0.5774 -0.5774 0.5774
vn -0.5774 0.5774 -0.5774
vn -0.5774 -0.5774 -0.5774
vn -0.5774 0.5774 0.5774
vn -0.5774 -0.5774 0.5774
vn -0.7071 -0.7071 0.0000
vn 0.0000 -0.7071 -0.7071
vn 0.7071 0.0000 -0.7071
vn -0.7071 0.0000 0.7071
vn 0.7071 0.0000 0.7071
vn -0.7071 0.0000 -0.7071
vn 0.0000 0.7071 0.7071
vn 0.7071 0.7071 0.0000
vn 0.0000 -0.7071 0.7071
vn -0.7071 0.7071 0.0000
vn 0.0000 0.7071 -0.7071
vn 0.7071 -0.7071 0.0000
vn 0.0000 0.0000 -1.0000
vn -0.9571 -0.2897 0.0000
vn -0.9954 -0.0955 0.0000
vn 0.9565 0.2916 0.0000
vn -0.8849 -0.4657 0.0000
vn 0.0000 -0.0972 0.9953
vn 0.0000 -0.0983 -0.9952
vn 0.0000 0.0962 -0.9954
vn 0.0000 -0.2895 0.9572
vn 0.9950 0.1003 0.0000
vn -0.9568 -0.2906 0.0000
vn 0.9951 -0.0990 0.0000
vn -0.9951 -0.0984 0.0000
vn 0.0000 0.6348 0.7727
vn 0.0000 -0.7737 -0.6336
vn 0.0000 0.6341 0.7732
vn 0.0000 0.7733 0.6340
vn 0.0000 0.4718 0.8817
vn 0.0000 -0.6348 -0.7727
vn 0.0000 0.4709 0.8822
vn 0.0000 0.2888 0.9574
vn 0.0000 -0.4713 -0.8820
vn 0.0000 0.2909 0.9568
vn 0.0000 0.0961 0.9954
vn 0.0000 -0.2909 -0.9567
vn 0.0000 0.0990 0.9951
vn 0.0000 -0.0978 0.9952
vn 0.0000 -0.0987 -0.9951
vn 0.0000 -0.0996 0.9950
vn 0.0000 -0.2906 0.9568
vn 0.0000 0.0976 -0.9952
vn 0.0000 -0.2908 0.9568
vn 0.0000 -0.4703 0.8825
vn 0.0000 0.2902 -0.9570
vn 0.0000 -0.4711 0.8821
vn 0.0000 -0.6352 0.7724
vn 0.0000 0.4711 -0.8821
vn 0.0000 -0.7728 0.6347
vn 0.0000 0.6339 -0.7734
vn 0.0000 -0.7727 0.6348
vn 0.0000 -0.8821 0.4711
vn 0.0000 0.7735 -0.6338
vn 0.0000 -0.8818 0.4716
vn 0.0000 -0.9569 0.2904
vn 0.0000 0.8818 -0.4717
vn 0.0000 -0.9570 0.2901
vn 0.0000 -0.9952 0.0981
vn 0.0000 0.9568 -0.2909
vn 0.0000 -0.9952 0.0976
vn 0.0000 0.9952 -0.0976
vn 0.0000 0.9952 0.0983
vn 0.0000 0.9567 0.2911
vn 0.0000 -0.9950 -0.0996
vn 0.0000 0.8819 0.4715
vn 0.0000 -0.9569 -0.2903
vn 0.0000 -0.8827 -0.4699
vn 0.0000 0.6343 0.7731
vn 0.0000 -0.7730 -0.6344
vn 0.0000 0.4717 0.8818
vn 0.0000 -0.6335 -0.7737
vn 0.0000 0.2905 0.9569
vn 0.0000 -0.4719 -0.8817
vn 0.0000 0.0968 0.9953
vn 0.0000 -0.2905 -0.9569
vn 0.0000 -0.0975 0.9952
vn 0.0000 -0.0977 -0.9952
vn 0.0000 -0.2891 0.9573
vn 0.0000 0.0980 -0.9952
vn 0.0000 -0.4728 0.8812
vn 0.0000 0.2909 -0.9568
vn 0.0000 -0.6341 0.7733
vn 0.0000 0.4706 -0.8823
vn 0.0000 -0.7723 0.6352
vn 0.0000 0.6345 -0.7729
vn 0.0000 -0.8817 0.4719
vn 0.0000 0.7721 -0.6355
vn 0.0000 -0.9567 0.2912
vn 0.0000 -0.9951 0.0989
vn 0.0000 0.9570 -0.2900
vn 0.0000 0.9951 -0.0987
vn 0.0000 0.9951 0.0989
vn 0.0000 -0.9952 -0.0975
vn 0.0000 0.9570 0.2902
vn 0.0000 -0.9952 -0.0976
vn 0.0000 -0.9568 -0.2906
vn 0.0000 0.8819 0.4714
vn 0.0000 -0.9571 -0.2896
vn 0.0000 -0.8817 -0.4719
vn 0.0000 0.7726 0.6348
vn 0.0000 -0.8816 -0.4720
vn 0.0000 -0.7735 -0.6338
vn 0.0000 -0.7736 -0.6336
vn 0.0000 -0.6346 -0.7729
vn 0.0000 0.4716 0.8818
vn 0.0000 -0.6337 -0.7735
vn 0.0000 -0.4718 -0.8817
vn 0.0000 0.2899 0.9571
vn 0.0000 -0.4726 -0.8813
vn 0.0000 -0.2899 -0.9571
vn 0.0000 0.0979 0.9952
vn 0.0000 -0.2902 -0.9570
vn 0.0000 -0.0981 -0.9952
vn 0.0000 -0.0973 -0.9953
vn 0.0000 0.1012 -0.9949
vn 0.0000 -0.2899 0.9571
vn 0.0000 0.0963 -0.9953
vn 0.0000 0.2905 -0.9569
vn 0.0000 -0.4721 0.8815
vn 0.0000 0.2908 -0.9568
vn 0.0000 0.4756 -0.8797
vn 0.0000 -0.6344 0.7730
vn 0.0000 0.4712 -0.8820
vn 0.0000 0.6355 -0.7721
vn 0.0000 -0.7732 0.6342
vn 0.0000 0.6352 -0.7724
vn 0.0000 0.7703 -0.6377
vn 0.0000 -0.8815 0.4722
vn 0.0000 0.7719 -0.6357
vn 0.0000 0.8798 -0.4754
vn 0.0000 -0.9573 0.2891
vn 0.0000 0.8809 -0.4732
vn 0.0000 0.9563 -0.2925
vn 0.0000 -0.9950 0.0999
vn 0.0000 0.9564 -0.2919
vn 0.0000 0.9955 -0.0948
vn 0.0000 0.9952 -0.0978
vn 0.0000 0.9949 0.1010
vn 0.0000 0.9952 0.0982
vn 0.0000 0.9564 0.2920
vn 0.0000 -0.9951 -0.0985
vn 0.0000 0.9565 0.2917
vn 0.0000 0.8833 0.4688
vn 0.0000 -0.9571 -0.2898
vn 0.0000 0.7741 0.6330
vn 0.0000 -0.8809 -0.4732
vn -0.8825 -0.4703 0.0000
vn 0.9573 0.2891 0.0000
vn -0.7735 -0.6338 0.0000
vn 0.8835 0.4685 0.0000
vn -0.6340 -0.7733 0.0000
vn 0.7731 0.6342 0.0000
vn -0.4726 -0.8813 0.0000
vn 0.6334 0.7738 0.0000
vn -0.2902 -0.9570 0.0000
vn 0.4724 0.8814 0.0000
vn -0.0977 -0.9952 0.0000
vn 0.2919 0.9565 0.0000
vn 0.0971 0.9953 0.0000
vn -0.0976 0.9952 0.0000
vn 0.0984 -0.9952 0.0000
vn -0.2886 0.9574 0.0000
vn 0.0972 -0.9953 0.0000
vn 0.2900 -0.9570 0.0000
vn -0.4742 0.8804 0.0000
vn 0.2924 -0.9563 0.0000
vn 0.4706 -0.8823 0.0000
vn -0.6338 0.7735 0.0000
vn 0.4722 -0.8815 0.0000
vn 0.6337 -0.7736 0.0000
vn -0.7715 0.6362 0.0000
vn 0.6330 -0.7741 0.0000
vn 0.7736 -0.6337 0.0000
vn -0.8822 0.4708 0.0000
vn 0.7743 -0.6329 0.0000
vn 0.8816 -0.4720 0.0000
vn -0.9572 0.2894 0.0000
vn 0.8808 -0.4734 0.0000
vn 0.9568 -0.2906 0.0000
vn -0.9951 0.0987 0.0000
vn 0.9570 -0.2901 0.0000
vn 0.9952 -0.0981 0.0000
vn -0.9950 -0.0996 0.0000
vn 0.9952 -0.0983 0.0000
vn 0.9950 0.1000 0.0000
vn -0.9565 -0.2918 0.0000
vn 0.9951 0.0989 0.0000
vn 0.9570 0.2901 0.0000
vn -0.8827 -0.4699 0.0000
vn 0.9568 0.2909 0.0000
vn 0.8818 0.4717 0.0000
vn -0.7709 -0.6369 0.0000
vn 0.8816 0.4720 0.0000
vn 0.7722 0.6354 0.0000
vn -0.6349 -0.7726 0.0000
vn 0.7761 0.6306 0.0000
vn 0.6359 0.7718 0.0000
vn -0.4736 -0.8808 0.0000
vn 0.6329 0.7742 0.0000
vn 0.4692 0.8831 0.0000
vn -0.2914 -0.9566 0.0000
vn 0.4749 0.8800 0.0000
vn 0.2875 0.9578 0.0000
vn -0.0966 -0.9953 0.0000
vn 0.2914 0.9566 0.0000
vn 0.0989 0.9951 0.0000
vn 0.0956 0.9954 0.0000
vn -0.0983 0.9952 0.0000
vn -0.0981 0.9952 0.0000
vn -0.2942 0.9557 0.0000
vn 0.0981 -0.9952 0.0000
vn -0.2880 0.9576 0.0000
vn -0.4696 0.8829 0.0000
vn 0.2908 -0.9568 0.0000
vn -0.4736 0.8807 0.0000
vn -0.6376 0.7704 0.0000
vn 0.4716 -0.8818 0.0000
vn -0.6325 0.7745 0.0000
vn -0.7713 0.6364 0.0000
vn 0.6321 -0.7749 0.0000
vn -0.7747 0.6323 0.0000
vn -0.8820 0.4713 0.0000
vn 0.7735 -0.6338 0.0000
vn -0.8813 0.4725 0.0000
vn -0.9573 0.2890 0.0000
vn 0.8816 -0.4719 0.0000
vn -0.9567 0.2911 0.0000
vn -0.9951 0.0990 0.0000
vn 0.9565 -0.2916 0.0000
vn -0.9953 0.0972 0.0000
vn -0.9955 -0.0951 0.0000
vn 0.9953 -0.0965 0.0000
vn -0.9954 -0.0956 0.0000
vn 0.9954 0.0957 0.0000
vn -0.9570 -0.2901 0.0000
vn -0.8817 -0.4719 0.0000
vn 0.9567 0.2910 0.0000
vn -0.8819 -0.4714 0.0000
vn -0.7741 -0.6331 0.0000
vn 0.8815 0.4722 0.0000
vn -0.7732 -0.6342 0.0000
vn -0.6338 -0.7735 0.0000
vn 0.7726 0.6349 0.0000
vn -0.6332 -0.7740 0.0000
vn -0.4707 -0.8823 0.0000
vn 0.6349 0.7726 0.0000
vn -0.4720 -0.8816 0.0000
vn -0.2899 -0.9571 0.0000
vn 0.4725 0.8813 0.0000
vn -0.2922 -0.9563 0.0000
vn -0.0954 -0.9954 0.0000
vn -0.0952 -0.9955 0.0000
vn 0.0966 0.9953 0.0000
vn -0.0970 0.9953 0.0000
vn -0.2901 0.9570 0.0000
vn 0.0983 -0.9952 0.0000
vn -0.4719 0.8816 0.0000
vn 0.2907 -0.9568 0.0000
vn -0.6348 0.7727 0.0000
vn 0.4709 -0.8822 0.0000
vn -0.7727 0.6347 0.0000
vn 0.6339 -0.7734 0.0000
vn -0.8825 0.4703 0.0000
vn 0.7727 -0.6348 0.0000
vn -0.9569 0.2905 0.0000
vn 0.8821 -0.4711 0.0000
vn -0.9951 0.0986 0.0000
vn 0.9570 -0.2902 0.0000
vn 0.9965 0.0840 0.0000
vn -0.9921 0.1258 0.0000
vn -0.9961 -0.0883 0.0000
vn 0.9948 -0.1020 0.0000
vn -0.9545 0.2983 0.0000
vn -0.9915 0.1304 0.0000
vn 0.9511 -0.3088 0.0000
vn -0.8657 0.5005 0.0000
vn -0.9610 0.2765 0.0000
vn 0.8759 -0.4824 0.0000
vn -0.7747 0.6324 0.0000
vn -0.8757 0.4828 0.0000
vn 0.7541 -0.6568 0.0000
vn -0.6467 0.7628 0.0000
vn -0.7574 0.6530 0.0000
vn 0.6332 -0.7740 0.0000
vn -0.4657 0.8849 0.0000
vn -0.6402 0.7682 0.0000
vn 0.4755 -0.8797 0.0000
vn -0.3162 0.9487 0.0000
vn -0.4719 0.8817 0.0000
vn 0.2559 -0.9667 0.0000
vn -0.0942 0.9956 0.0000
vn -0.2815 0.9596 0.0000
vn 0.0851 -0.9964 0.0000
vn 0.1071 0.9943 0.0000
vn -0.1047 0.9945 0.0000
vn 0.2806 0.9598 0.0000
vn 0.0872 0.9962 0.0000
vn 0.4819 0.8762 0.0000
vn 0.2828 0.9592 0.0000
vn -0.0704 -0.9975 0.0000
vn 0.6317 0.7752 0.0000
vn 0.4524 0.8918 0.0000
vn -0.3012 -0.9536 0.0000
vn 0.7645 0.6446 0.0000
vn 0.6402 0.7682 0.0000
vn -0.4719 -0.8817 0.0000
vn 0.7833 0.6217 0.0000
vn -0.6487 -0.7610 0.0000
vn 0.9610 0.2766 0.0000
vn 0.8916 0.4529 0.0000
vn -0.7734 -0.6339 0.0000
vn 0.9935 0.1135 0.0000
vn 0.9500 0.3123 0.0000
vn -0.8835 -0.4685 0.0000
vn 0.9920 -0.1260 0.0000
vn 0.9943 0.1065 0.0000
vn -0.9545 -0.2983 0.0000
vn 0.9589 -0.2836 0.0000
vn 0.9958 -0.0917 0.0000
vn -0.9982 -0.0601 0.0000
vn 0.8886 -0.4586 0.0000
vn 0.9558 -0.2941 0.0000
vn -0.9957 0.0929 0.0000
vn 0.7602 -0.6497 0.0000
vn 0.8765 -0.4815 0.0000
vn -0.9536 0.3011 0.0000
vn 0.6069 -0.7948 0.0000
vn 0.7822 -0.6231 0.0000
vn -0.8805 0.4741 0.0000
vn 0.4895 -0.8720 0.0000
vn 0.6261 -0.7797 0.0000
vn -0.7740 0.6332 0.0000
vn 0.2595 -0.9658 0.0000
vn 0.4834 -0.8754 0.0000
vn -0.6247 0.7809 0.0000
vn 0.0995 -0.9950 0.0000
vn 0.2841 -0.9588 0.0000
vn -0.4921 0.8706 0.0000
vn -0.1087 -0.9941 0.0000
vn 0.0723 -0.9974 0.0000
vn -0.2795 0.9601 0.0000
vn -0.3038 -0.9527 0.0000
vn -0.1020 0.9948 0.0000
vn 0.0894 0.9960 0.0000
vn 0.2841 0.9588 0.0000
vn -0.0851 -0.9964 0.0000
vn 0.4771 0.8789 0.0000
vn -0.2907 -0.9568 0.0000
vn 0.6432 0.7657 0.0000
vn -0.4845 -0.8748 0.0000
vn 0.7630 0.6464 0.0000
vn -0.6465 -0.7629 0.0000
vn 0.8831 0.4691 0.0000
vn -0.7712 -0.6366 0.0000
vn 0.9601 0.2795 0.0000
vn 0.9945 0.1047 0.0000
vn -0.9630 -0.2696 0.0000
vn 0.9959 -0.0905 0.0000
vn -0.9950 -0.0995 0.0000
vn 0.9606 -0.2778 0.0000
vn -0.9936 0.1132 0.0000
vn 0.8692 -0.4945 0.0000
vn -0.9549 0.2968 0.0000
vn 0.7863 -0.6178 0.0000
vn -0.8742 0.4856 0.0000
vn -0.7704 0.6376 0.0000
vn 0.4662 -0.8847 0.0000
vn -0.6263 0.7796 0.0000
vn 0.2696 -0.9630 0.0000
vn -0.4814 0.8765 0.0000
vn 0.0866 -0.9962 0.0000
vn -0.2620 0.9651 0.0000
vn -0.1225 0.9925 0.0000
vn 0.1078 0.9942 0.0000
vn -0.0916 -0.9958 0.0000
vn 0.2897 0.9571 0.0000
vn -0.4699 -0.8827 0.0000
vn -0.3056 -0.9522 0.0000
vn 0.4878 0.8730 0.0000
vn -0.6386 -0.7696 0.0000
vn -0.4869 -0.8735 0.0000
vn -0.7639 -0.6454 0.0000
vn -0.6378 -0.7702 0.0000
vn 0.7782 0.6280 0.0000
vn -0.8886 -0.4586 0.0000
vn -0.7795 -0.6264 0.0000
vn 0.8800 0.4749 0.0000
vn -0.9531 -0.3026 0.0000
vn 0.0000 -0.0963 -0.9953
vn 0.0000 -0.2914 -0.9566
vn 0.0000 0.0982 0.9952
vn 0.0000 -0.2890 -0.9573
vn 0.0000 -0.4695 -0.8829
vn 0.0000 -0.4682 -0.8836
vn 0.0000 -0.6349 -0.7726
vn 0.0000 0.4712 0.8820
vn 0.0000 -0.6340 -0.7734
vn 0.0000 -0.7734 -0.6339
vn 0.0000 0.6344 0.7730
vn 0.0000 -0.8819 -0.4714
vn 0.0000 0.7731 0.6343
vn 0.0000 -0.8815 -0.4722
vn 0.0000 -0.9568 -0.2908
vn 0.0000 0.8818 0.4716
vn 0.0000 -0.9571 -0.2897
vn 0.0000 -0.9952 -0.0980
vn 0.0000 0.9570 0.2901
vn 0.0000 -0.9952 -0.0974
vn 0.0000 0.9952 0.0981
vn 0.0000 0.9951 -0.0985
vn 0.0000 0.9570 -0.2902
vn 0.0000 -0.9949 0.1006
vn 0.0000 0.8818 -0.4716
vn 0.0000 -0.9579 0.2872
vn 0.0000 -0.8818 0.4717
vn 0.0000 0.6343 -0.7731
vn 0.0000 -0.7725 0.6350
vn 0.0000 0.4722 -0.8815
vn 0.0000 -0.6367 0.7711
vn 0.0000 0.2906 -0.9568
vn 0.0000 0.0991 -0.9951
vn 0.0000 -0.2904 0.9569
vn 0.0000 -0.1011 -0.9949
vn 0.0000 -0.0974 0.9952
vn 0.0000 -0.2910 -0.9567
vn 0.0000 0.0956 0.9954
vn 0.0000 -0.4725 -0.8813
vn 0.0000 0.2902 0.9570
vn 0.0000 -0.6339 -0.7734
vn 0.0000 0.4737 0.8807
vn 0.0000 -0.7742 -0.6329
vn 0.0000 0.6364 0.7714
vn 0.0000 -0.8806 -0.4739
vn 0.0000 0.7714 0.6364
vn 0.0000 -0.9574 -0.2889
vn 0.0000 -0.9954 -0.0953
vn 0.0000 0.9561 0.2932
vn 0.0000 0.9953 0.0971
vn 0.0000 0.9944 -0.1061
vn 0.0000 0.9567 -0.2912
vn 0.0000 -0.9953 0.0964
vn 0.0000 -0.9570 0.2902
vn 0.0000 0.8789 -0.4771
vn 0.0000 -0.9570 0.2900
vn 0.0000 -0.8825 0.4703
vn 0.0000 0.7724 -0.6352
vn 0.0000 -0.8821 0.4710
vn 0.0000 -0.7722 0.6354
vn 0.0000 0.6326 -0.7745
vn 0.0000 -0.7718 0.6359
vn 0.0000 -0.6342 0.7731
vn 0.0000 0.4692 -0.8831
vn 0.0000 -0.6336 0.7737
vn 0.0000 -0.4722 0.8815
vn 0.0000 0.2939 -0.9558
vn 0.0000 -0.4771 0.8789
vn 0.0000 -0.2905 0.9569
vn 0.0000 -0.2869 0.9580
vn 0.0000 -0.0981 0.9952
vn 0.0000 -0.0974 -0.9952
vn 0.0000 -0.1000 0.9950
vn 0.0000 0.0973 0.9953
vn 0.0000 -0.2888 -0.9574
vn 0.0000 0.0978 0.9952
vn 0.0000 0.2900 0.9570
vn 0.0000 -0.4736 -0.8807
vn 0.0000 0.2897 0.9571
vn 0.0000 0.4725 0.8813
vn 0.0000 0.4721 0.8815
vn 0.0000 0.6342 0.7731
vn 0.0000 -0.7747 -0.6324
vn 0.0000 0.6347 0.7728
vn 0.0000 0.7727 0.6348
vn 0.0000 -0.8808 -0.4735
vn 0.0000 0.7723 0.6353
vn 0.0000 0.8825 0.4703
vn 0.0000 -0.9562 -0.2927
vn 0.0000 0.8820 0.4712
vn 0.0000 0.9568 0.2908
vn 0.0000 -0.9953 -0.0966
vn 0.0000 0.9569 0.2904
vn 0.0000 0.9951 0.0984
vn 0.0000 0.9950 0.0994
vn 0.0000 0.9952 -0.0977
vn 0.0000 0.9950 -0.0998
vn 0.0000 0.9569 -0.2904
vn 0.0000 -0.9953 0.0969
vn 0.0000 0.9560 -0.2933
vn 0.0000 0.8821 -0.4711
vn 0.0000 -0.9567 0.2911
vn 0.0000 0.8815 -0.4723
vn 0.0000 0.7728 -0.6347
vn 0.0000 -0.8836 0.4682
vn 0.0000 0.7734 -0.6339
vn 0.0000 -0.7736 0.6337
vn 0.0000 0.6347 -0.7728
vn 0.0000 0.4721 -0.8816
vn 0.0000 -0.6319 0.7750
vn 0.0000 0.4716 -0.8818
vn 0.0000 0.2892 -0.9573
vn 0.0000 -0.4750 0.8800
vn 0.0000 0.2903 -0.9569
vn 0.0000 0.0987 -0.9951
vn -0.0003 0.0043 -1.0000
vn -1.0000 0.0058 0.0002
vn -0.5773 -0.5774 0.5773
vn -0.5773 0.5774 0.5773
vn -0.5773 -0.5774 -0.5773
vn -0.5773 0.5774 -0.5773
vn 0.5773 -0.5774 0.5773
vn 0.5773 0.5774 0.5773
vn 0.5773 -0.5774 -0.5773
vn 0.5773 0.5774 -0.5773
vn 0.0002 -0.0067 -1.0000
vn 0.9578 0.2874 0.0000
vn -0.0001 -0.0086 -1.0000
vn 0.9816 0.1902 -0.0196
vn -0.0000 0.0001 -1.0000
vn -0.9571 -0.2899 0.0000
vn 0.0004 0.0095 -1.0000
vn 0.8848 0.4660 0.0000
vn -1.0000 -0.0050 -0.0002
vn -0.0224 0.2124 -0.9769
vn -1.0000 -0.0078 0.0002
vn -0.0170 0.1855 0.9825
vn -0.0220 -0.2087 0.9777
vn -1.0000 0.0092 -0.0002
vn -0.0002 -0.0050 1.0000
vn -0.9824 -0.1862 0.0175
vn 0.0003 -0.0081 1.0000
vn 0.9569 0.2904 0.0000
vn -0.9821 0.1877 0.0175
vn 0.0002 0.0057 1.0000
vn 0.9826 0.1847 0.0173
vn -0.0003 0.0090 1.0000
vn 1.0000 -0.0052 0.0002
vn 0.0000 -0.6347 -0.7728
vn 1.0000 -0.0079 -0.0002
vn 0.0000 -0.6345 -0.7729
vn 1.0000 0.0059 -0.0002
vn 0.0000 -0.7733 -0.6341
vn 1.0000 0.0090 0.0003
vn 0.0000 -0.4714 -0.8819
vn 0.0000 -0.4712 -0.8820
vn 0.0000 0.4715 0.8819
vn 0.0000 -0.2907 -0.9568
vn 0.0170 -0.1828 -0.9830
vn 0.0000 0.2908 0.9568
vn 0.0232 -0.2149 -0.9764
vn 0.0170 0.1826 -0.9830
vn 0.0229 0.2135 0.9767
vn 0.0232 0.2148 -0.9764
vn 0.0229 -0.2112 0.9772
vn 0.0000 0.4708 -0.8822
vn 0.0000 -0.2901 0.9570
vn 0.0000 0.4714 -0.8819
vn 0.0000 0.6347 -0.7727
vn 0.0000 0.6348 -0.7726
vn 0.0000 0.7730 -0.6345
vn 0.0000 -0.6341 0.7732
vn 0.0000 0.7729 -0.6346
vn -0.0000 0.8820 -0.4713
vn 0.0000 -0.7733 0.6341
vn 0.0000 0.9569 -0.2903
vn 0.0000 0.9952 -0.0982
vn 0.0000 -0.9568 0.2907
vn 0.0000 -0.9952 0.0978
vn 0.0000 -0.9951 -0.0984
vn 0.0000 -0.9568 -0.2909
vn 0.0000 0.9951 0.0988
vn 0.0000 -0.8818 -0.4715
vn 0.0000 -0.7732 -0.6342
vn 0.0000 0.8825 0.4704
vn 0.0000 -0.6345 -0.7730
vn 0.0000 0.7730 0.6344
vn 0.0000 -0.4716 -0.8818
vn 0.0000 0.6339 0.7734
vn 0.0000 -0.2903 -0.9569
vn 0.0171 -0.1820 -0.9831
vn 0.0170 0.1837 -0.9828
vn 0.0172 0.1837 0.9828
vn 0.0000 0.2897 -0.9571
vn 0.0172 -0.1842 0.9827
vn 0.0000 -0.2906 0.9569
vn 0.0000 -0.4710 0.8821
vn 0.0000 0.7724 -0.6351
vn 0.0000 -0.6342 0.7732
vn 0.0000 0.8816 -0.4720
vn 0.0000 -0.7724 0.6352
vn 0.0000 0.9567 -0.2911
vn 0.0000 -0.8817 0.4718
vn 0.0000 -0.9952 0.0983
vn 0.0000 0.9952 0.0977
vn 0.0000 -0.9569 -0.2904
vn 0.0000 0.9569 0.2905
vn 0.0000 -0.8819 -0.4715
vn 0.0000 0.9570 0.2899
vn 0.0000 0.8818 0.4717
vn 0.0000 -0.7728 -0.6346
vn 0.0000 -0.6346 -0.7728
vn 0.0000 0.7733 0.6341
vn 0.0000 -0.4715 -0.8818
vn 0.0000 -0.2901 -0.9570
vn 0.0000 0.2901 0.9570
vn 0.0172 -0.1836 -0.9829
vn 0.0000 0.2903 0.9569
vn 0.0175 0.1857 0.9824
vn 0.0172 0.1835 -0.9829
vn 0.0170 0.1821 0.9831
vn 0.0175 -0.1841 0.9828
vn 0.0000 0.2900 -0.9570
vn 0.0170 -0.1822 0.9831
vn 0.0000 -0.2917 0.9565
vn 0.0000 0.4718 -0.8817
vn 0.0000 -0.4745 0.8803
vn 0.0000 -0.4715 0.8819
vn 0.0000 -0.6353 0.7723
vn 0.0000 0.7731 -0.6343
vn 0.0000 -0.6347 0.7728
vn 0.0000 -0.7709 0.6370
vn 0.0000 0.8817 -0.4717
vn 0.0000 -0.8800 0.4750
vn 0.0000 0.9571 -0.2899
vn 0.0000 -0.8810 0.4731
vn 0.0000 -0.9564 0.2921
vn 0.0000 0.9951 -0.0989
vn 0.0000 -0.9565 0.2917
vn 0.0000 -0.9954 0.0957
vn 0.0000 -0.9949 -0.1009
vn 0.0000 -0.9566 -0.2914
vn 0.0000 -0.8829 -0.4696
vn 0.0000 0.9569 0.2903
vn 0.0000 -0.8818 -0.4716
vn 0.0000 -0.7740 -0.6332
vn -0.0000 0.8814 0.4724
vn 0.8824 0.4706 0.0000
vn -0.9572 -0.2894 0.0000
vn 0.7734 0.6339 0.0000
vn -0.8831 -0.4693 0.0000
vn 0.6344 0.7730 0.0000
vn -0.7733 -0.6340 0.0000
vn 0.4721 0.8815 0.0000
vn -0.6339 -0.7734 -0.0000
vn 0.2904 0.9569 0.0000
vn -0.4722 -0.8815 0.0000
vn 0.0978 0.9952 -0.0000
vn -0.0978 -0.9952 0.0000
vn 0.0976 -0.9952 0.0000
vn -0.0986 0.9951 0.0000
vn 0.2896 -0.9572 0.0000
vn -0.2900 0.9570 -0.0000
vn 0.4730 -0.8811 0.0000
vn -0.2918 0.9565 0.0000
vn -0.4707 0.8823 -0.0000
vn 0.6341 -0.7733 0.0000
vn -0.4720 0.8816 0.0000
vn -0.6339 0.7734 0.0000
vn 0.7720 -0.6357 0.0000
vn -0.7732 0.6341 0.0000
vn 0.8820 -0.4712 0.0000
vn -0.7735 0.6338 0.0000
vn -0.8817 0.4717 0.0000
vn 0.9571 -0.2897 0.0000
vn -0.9568 0.2906 0.0000
vn 0.9827 -0.1843 0.0174
vn -0.9569 0.2906 0.0000
vn -0.9828 0.1837 0.0174
vn 0.9820 0.1878 0.0174
vn -0.9828 0.1840 0.0173
vn -0.9822 -0.1873 0.0174
vn 0.9566 0.2913 0.0000
vn -0.9827 -0.1843 0.0173
vn -0.9569 -0.2905 0.0000
vn 0.8821 0.4711 -0.0000
vn -0.9567 -0.2909 0.0000
vn -0.8817 -0.4718 0.0000
vn 0.7718 0.6358 0.0000
vn -0.8820 -0.4713 0.0000
vn -0.7726 -0.6349 0.0000
vn 0.6347 0.7728 0.0000
vn -0.7748 -0.6322 0.0000
vn 0.4731 0.8810 0.0000
vn -0.6344 -0.7730 0.0000
vn -0.4697 -0.8828 0.0000
vn 0.2912 0.9567 0.0000
vn -0.4737 -0.8807 -0.0000
vn -0.2881 -0.9576 0.0000
vn 0.0972 0.9953 0.0000
vn -0.2913 -0.9566 0.0000
vn -0.0981 -0.9952 0.0000
vn 0.0988 -0.9951 0.0000
vn 0.2928 -0.9562 0.0000
vn 0.2891 -0.9573 0.0000
vn 0.4713 -0.8820 0.0000
vn -0.2907 0.9568 0.0000
vn 0.4723 -0.8815 0.0000
vn 0.6360 -0.7717 -0.0000
vn -0.4712 0.8820 0.0000
vn 0.6338 -0.7735 0.0000
vn 0.7722 -0.6353 -0.0000
vn -0.6330 0.7742 0.0000
vn 0.7738 -0.6334 0.0000
vn 0.8819 -0.4715 0.0000
vn -0.7730 0.6345 0.0000
vn 0.9572 -0.2896 0.0000
vn -0.8817 0.4719 0.0000
vn 0.9567 -0.2909 0.0000
vn 0.9827 -0.1845 0.0170
vn 0.9774 -0.2100 0.0225
vn 0.9833 0.1811 0.0170
vn -0.9775 0.2096 0.0224
vn 0.9778 0.2084 0.0225
vn -0.9778 -0.2084 0.0224
vn 0.9571 0.2898 0.0000
vn 0.8820 0.4713 0.0000
vn 0.7736 0.6336 0.0000
vn -0.8815 -0.4722 0.0000
vn 0.7730 0.6344 0.0000
vn 0.6341 0.7732 0.0000
vn -0.7727 -0.6347 0.0000
vn 0.6337 0.7736 0.0000
vn 0.4708 0.8823 0.0000
vn -0.6348 -0.7726 0.0000
vn 0.4719 0.8816 0.0000
vn 0.2895 0.9572 0.0000
vn -0.4724 -0.8814 0.0000
vn 0.2913 0.9566 0.0000
vn 0.0961 0.9954 0.0000
vn -0.2910 -0.9567 0.0000
vn 0.0965 0.9953 0.0000
vn -0.0974 -0.9952 0.0000
vn 0.0975 -0.9952 0.0000
vn 0.2901 -0.9570 0.0000
vn -0.0985 0.9951 0.0000
vn 0.4718 -0.8817 0.0000
vn -0.2905 0.9569 0.0000
vn 0.6346 -0.7728 0.0000
vn -0.4710 0.8821 0.0000
vn 0.7730 -0.6344 0.0000
vn 0.8823 -0.4707 0.0000
vn 0.9569 -0.2903 0.0000
vn -0.8820 0.4712 0.0000
vn 0.9825 -0.1854 0.0173
vn -0.9569 0.2903 0.0000
vn 0.0002 0.0001 -1.0000
vn 0.0000 -0.0001 -1.0000
vn 0.0002 -0.0002 -1.0000
vn -0.9866 -0.1621 -0.0163
vn 0.9770 -0.2124 -0.0196
vn 0.9815 0.1907 -0.0193
vn -0.9817 0.1897 -0.0163
vn 0.9522 -0.3056 0.0000
vn 0.9758 -0.2178 -0.0193
vn -0.9522 0.3055 0.0000
vn 0.8697 -0.4936 -0.0000
vn 0.9578 -0.2876 0.0000
vn -0.8741 0.4858 0.0000
vn 0.7725 -0.6350 0.0000
vn 0.8769 -0.4808 0.0000
vn -0.7581 0.6521 0.0000
vn 0.6406 -0.7678 0.0000
vn 0.7617 -0.6480 0.0000
vn -0.6305 0.7762 0.0000
vn 0.4743 -0.8804 0.0000
vn 0.6349 -0.7726 0.0000
vn -0.4690 0.8832 0.0000
vn 0.3089 -0.9511 0.0000
vn 0.4715 -0.8819 0.0000
vn -0.2694 0.9630 0.0000
vn 0.0982 -0.9952 0.0000
vn 0.2853 -0.9584 0.0000
vn -0.0854 0.9963 0.0000
vn -0.1031 -0.9947 0.0000
vn 0.1029 -0.9947 0.0000
vn -0.2871 -0.9579 0.0000
vn -0.0883 -0.9961 0.0000
vn -0.4765 -0.8792 0.0000
vn -0.2805 -0.9598 0.0000
vn 0.0810 0.9967 0.0000
vn -0.6323 -0.7747 0.0000
vn -0.4591 -0.8884 -0.0000
vn 0.2928 0.9562 0.0000
vn -0.7674 -0.6411 0.0000
vn 0.4759 0.8795 0.0000
vn -0.7829 -0.6222 0.0000
vn 0.6445 0.7646 0.0000
vn -0.9593 -0.2824 0.0000
vn -0.8880 -0.4599 -0.0000
vn 0.7753 0.6316 0.0000
vn -0.9692 -0.2445 -0.0283
vn -0.9526 -0.3043 -0.0000
vn 0.8823 0.4707 0.0000
vn -0.9583 0.2845 -0.0281
vn -0.9820 -0.1879 -0.0174
vn 0.9572 0.2893 0.0000
vn -0.9580 0.2867 0.0000
vn -0.9817 0.1899 -0.0174
vn 0.9881 0.1525 -0.0177
vn -0.8853 0.4651 0.0000
vn -0.9559 0.2937 0.0000
vn 0.9813 -0.1914 -0.0176
vn -0.7624 0.6471 0.0000
vn -0.8787 0.4774 0.0000
vn 0.9548 -0.2974 0.0000
vn -0.6142 0.7891 0.0000
vn -0.7766 0.6299 0.0000
vn 0.8802 -0.4747 0.0000
vn -0.4731 0.8810 0.0000
vn -0.6315 0.7754 0.0000
vn 0.7723 -0.6352 0.0000
vn -0.2735 0.9619 0.0000
vn -0.4770 0.8789 -0.0000
vn 0.6317 -0.7752 0.0000
vn -0.0932 0.9956 0.0000
vn -0.2842 0.9588 0.0000
vn 0.4825 -0.8759 0.0000
vn 0.1070 0.9943 0.0000
vn -0.0823 0.9966 0.0000
vn 0.2871 -0.9579 0.0000
vn 0.3013 0.9535 0.0000
vn 0.1005 -0.9949 0.0000
vn -0.0905 -0.9959 0.0000
vn -0.2856 -0.9584 0.0000
vn 0.0905 0.9959 0.0000
vn -0.4759 -0.8795 0.0000
vn 0.2908 0.9568 -0.0000
vn -0.6380 -0.7701 0.0000
vn 0.4822 0.8761 0.0000
vn -0.7662 -0.6426 0.0000
vn 0.6443 0.7648 0.0000
vn -0.8822 -0.4710 0.0000
vn -0.9591 -0.2831 0.0000
vn 0.8832 0.4690 0.0000
vn -0.9817 -0.1897 -0.0171
vn -0.9839 0.1781 -0.0171
vn 0.9828 0.1839 -0.0188
vn -0.9587 0.2843 0.0000
vn 0.9787 -0.2043 -0.0188
vn -0.8784 0.4780 0.0000
vn 0.9541 -0.2996 0.0000
vn -0.7814 0.6240 0.0000
vn 0.8757 -0.4829 0.0000
vn -0.6362 0.7715 0.0000
vn 0.7684 -0.6399 0.0000
vn -0.4648 0.8854 0.0000
vn 0.6295 -0.7770 0.0000
vn -0.2738 0.9618 0.0000
vn 0.4725 -0.8813 0.0000
vn -0.0913 0.9958 0.0000
vn 0.2780 -0.9606 -0.0000
vn 0.1106 -0.9939 -0.0000
vn -0.1008 -0.9949 0.0000
vn 0.0984 0.9951 0.0000
vn -0.2943 -0.9557 0.0000
vn 0.4728 0.8811 0.0000
vn 0.3026 0.9531 0.0000
vn -0.4833 -0.8754 0.0000
vn 0.6346 0.7729 0.0000
vn 0.4844 0.8749 0.0000
vn -0.6414 -0.7672 0.0000
vn 0.7681 0.6403 0.0000
vn 0.6398 0.7685 0.0000
vn -0.7768 -0.6298 0.0000
vn 0.8846 0.4663 0.0000
vn 0.7783 0.6279 0.0000
vn -0.8813 -0.4725 0.0000
vn 0.9552 0.2960 0.0000
vn -0.0220 0.2094 0.9776
vn -0.0224 -0.2122 -0.9770
vn 0.0000 0.2886 0.9574
vn 0.0000 0.4703 0.8825
vn 0.0000 -0.2904 -0.9569
vn 0.0000 0.4690 0.8832
vn 0.0000 0.6345 0.7729
vn 0.0000 0.6337 0.7736
vn 0.0000 0.7734 0.6340
vn 0.0000 -0.6344 -0.7730
vn 0.0000 0.7731 0.6342
vn 0.0000 -0.7730 -0.6343
vn 0.0000 0.8817 0.4718
vn 0.0000 0.9568 0.2907
vn 0.0000 -0.9570 -0.2902
vn 0.0000 -0.9952 -0.0979
vn 0.0000 -0.9569 0.2903
vn 0.0000 0.9950 -0.0996
vn 0.0000 -0.8819 0.4714
vn 0.0000 0.9574 -0.2887
vn 0.0000 -0.7733 0.6340
vn 0.0000 -0.6345 0.7729
vn 0.0000 -0.4720 0.8816
vn 0.0000 0.6358 -0.7719
vn -0.0172 -0.1875 0.9821
vn 0.0000 0.2901 -0.9570
vn -0.0173 0.1885 0.9819
vn -0.0166 0.1815 -0.9833
vn 0.0000 0.2914 0.9566
vn -0.0166 -0.1821 -0.9831
vn 0.0000 0.4722 0.8815
vn 0.0000 -0.4733 -0.8809
vn 0.0000 0.7735 0.6338
vn 0.0000 -0.6358 -0.7719
vn 0.0000 0.8812 0.4727
vn 0.0000 -0.7721 -0.6355
vn 0.0000 0.9572 0.2894
vn 0.0000 -0.8814 -0.4724
vn 0.0000 0.9954 0.0961
vn 0.0000 -0.9564 -0.2921
vn 0.0000 -0.9946 0.1038
vn 0.0000 0.9952 -0.0981
vn 0.0000 -0.9561 0.2930
vn 0.0000 0.9953 -0.0970
vn 0.0000 0.9570 -0.2901
vn 0.0000 -0.8797 0.4755
vn 0.0000 0.9571 -0.2898
vn 0.0000 0.8822 -0.4708
vn 0.0000 -0.7717 0.6360
vn 0.0000 0.8819 -0.4714
vn 0.0000 0.7726 -0.6349
vn 0.0000 -0.6327 0.7744
vn 0.0000 0.6342 -0.7731
vn 0.0000 -0.4701 0.8826
vn 0.0000 0.6344 -0.7730
vn 0.0000 0.4720 -0.8816
vn 0.0000 -0.2921 0.9564
vn 0.0000 0.4747 -0.8801
vn 0.0000 0.2906 -0.9569
vn -0.0167 -0.1818 0.9832
vn 0.0000 0.2893 -0.9572
vn -0.0168 0.1838 -0.9828
vn -0.0167 0.1820 0.9832
vn -0.0171 0.1841 -0.9828
vn -0.0168 -0.1835 -0.9829
vn 0.0000 0.2896 0.9572
vn -0.0170 -0.1840 -0.9828
vn 0.0000 0.4728 0.8812
vn 0.0000 -0.2900 -0.9570
vn 0.0000 -0.4721 -0.8815
vn 0.0000 0.6353 0.7723
vn 0.0000 0.7740 0.6332
vn 0.0000 -0.7729 -0.6346
vn 0.0000 0.8812 0.4728
vn 0.0000 -0.7726 -0.6349
vn 0.0000 -0.8823 -0.4708
vn 0.0000 0.9564 0.2921
vn 0.0000 -0.9569 -0.2905
vn 0.0000 0.9953 0.0970
vn 0.0000 -0.9951 -0.0987
vn 0.0000 -0.9952 0.0977
vn 0.0000 -0.9950 0.0995
vn 0.0000 -0.9562 0.2928
vn 0.0000 -0.8820 0.4713
vn 0.0000 -0.8814 0.4723
vn 0.0000 -0.7729 0.6346
vn 0.0000 0.8831 -0.4692
vn 0.0000 -0.7732 0.6341
vn 0.0000 -0.4717 0.8818
vn 0.0000 0.6333 -0.7739
vn 0.0000 -0.4716 0.8818
vn 0.0000 -0.2897 0.9571
vn 0.0000 0.4734 -0.8809
vn -0.0170 -0.1840 0.9828
usemtl Material
s off
f 18/1/1 4/2/1 12/3/1 22/4/1
f 24/5/2 19/6/2 417/7/2 418/8/2 419/9/2 420/10/2 421/11/2 422/12/2 423/13/2 424/14/2 425/15/2 426/16/2 427/17/2 428/18/2 429/19/2 430/20/2 431/21/2 432/22/2 433/23/2 449/24/2 450/25/2 451/26/2 452/27/2 453/28/2 454/29/2 455/30/2 456/31/2 457/32/2 458/33/2 459/34/2 460/35/2 461/36/2 462/37/2 463/38/2 464/39/2 465/40/2 14/41/2 16/42/2 497/43/2 498/44/2 499/45/2 500/46/2 501/47/2 502/48/2 503/49/2 504/50/2 473/51/2 474/52/2 475/53/2 476/54/2 477/55/2 478/56/2 479/57/2 480/58/2 481/59/2 529/60/2 530/61/2 531/62/2 532/63/2 533/64/2 534/65/2 535/66/2 536/67/2 505/68/2 506/69/2 507/70/2 508/71/2 509/72/2 510/73/2 511/74/2 512/75/2 513/76/2
f 11/77/3 97/78/3 98/79/3 99/80/3 100/81/3 101/82/3 102/83/3 103/84/3 104/85/3 105/86/3 106/87/3 107/88/3 108/89/3 109/90/3 110/91/3 111/92/3 112/93/3 113/94/3 23/95/3
f 2/96/4 15/97/4 21/98/4 8/99/4
f 6/100/5 225/101/5 226/102/5 227/103/5 228/104/5 229/105/5 230/106/5 231/107/5 232/108/5 233/109/5 234/110/5 235/111/5 236/112/5 237/113/5 238/114/5 239/115/5 240/116/5 241/117/5 10/118/5
f 1/119/6 2/120/6 3/121/6
f 4/2/7 5/122/7 6/123/7
f 7/124/8 8/125/8 9/126/8
f 10/118/9 11/127/9 12/128/9
f 13/129/10 14/130/10 15/131/10
f 16/42/11 17/132/11 18/133/11
f 19/6/12 20/134/12 21/135/12
f 22/4/13 23/136/13 24/137/13
f 18/1/14 22/4/14 24/137/14 16/138/14
f 4/2/15 18/1/15 17/139/15 5/122/15
f 3/140/16 6/100/16 5/141/16 1/119/16
f 23/95/17 20/142/17 19/143/17 24/144/17
f 9/145/18 11/77/18 10/118/18 7/124/18
f 13/129/19 17/146/19 16/42/19 14/41/19
f 8/99/20 21/98/20 20/147/20 9/148/20
f 2/96/21 8/99/21 7/124/21 3/140/21
f 22/4/22 12/3/22 11/149/22 23/136/22
f 21/98/23 15/97/23 14/150/23 19/151/23
f 15/97/24 2/96/24 1/152/24 13/153/24
f 12/3/25 4/2/25 6/100/25 10/118/25
f 17/146/26 13/129/26 289/154/26 290/155/26 291/156/26 292/157/26 293/158/26 294/159/26 295/160/26 296/161/26 297/162/26 298/163/26 299/164/26 300/165/26 301/166/26 302/167/26 303/168/26 304/169/26 305/170/26 321/171/26 322/172/26 323/173/26 324/174/26 325/175/26 326/176/26 327/177/26 328/178/26 329/179/26 330/180/26 331/181/26 332/182/26 333/183/26 334/184/26 335/185/26 336/186/26 337/187/26 1/119/26 5/141/26 369/188/26 370/189/26 371/190/26 372/191/26 373/192/26 374/193/26 375/194/26 376/195/26 345/196/26 346/197/26 347/198/26 348/199/26 349/200/26 350/201/26 351/202/26 352/203/26 353/204/26 401/205/26 402/206/26 403/207/26 404/208/26 405/209/26 406/210/26 407/211/26 408/212/26 377/213/26 378/214/26 379/215/26 380/216/26 381/217/26 382/218/26 383/219/26 384/220/26 385/221/26
f 20/142/3 47/222/3 48/223/3 49/224/3 50/225/3 51/226/3 52/227/3 53/228/3 54/229/3 55/230/3 56/231/3 25/232/3 26/233/3 27/234/3 28/235/3 29/236/3 30/237/3 31/238/3 9/145/3
f 128/239/27 127/240/27 895/241/27 896/242/27
f 20/142/3 81/243/3 82/244/3 83/245/3 84/246/3 85/247/3 86/248/3 87/249/3 88/250/3 57/251/3 58/252/3 59/253/3 60/254/3 61/255/3 62/256/3 63/257/3 64/258/3 65/259/3 47/222/3
f 31/238/28 30/237/28 798/260/28 799/261/28
f 23/95/3 113/94/3 114/262/3 115/263/3 116/264/3 117/265/3 118/266/3 119/267/3 120/268/3 89/269/3 90/270/3 91/271/3 92/272/3 93/273/3 94/274/3 95/275/3 96/276/3 97/78/3 145/277/3 146/278/3 147/279/3 148/280/3 149/281/3 150/282/3 151/283/3 152/284/3 121/285/3 122/286/3 123/287/3 124/288/3 125/289/3 126/290/3 127/240/3 128/239/3 129/291/3 11/77/3 9/145/3 31/238/3 32/292/3 33/293/3 34/294/3 35/295/3 36/296/3 37/297/3 38/298/3 39/299/3 40/300/3 41/301/3 42/302/3 43/303/3 44/304/3 45/305/3 46/306/3 47/222/3 65/259/3 66/307/3 67/308/3 68/309/3 69/310/3 70/311/3 71/312/3 72/313/3 73/314/3 74/315/3 75/316/3 76/317/3 77/318/3 78/319/3 79/320/3 80/321/3 81/243/3 20/142/3
f 80/321/29 79/320/29 847/322/29 848/323/29
f 11/77/3 129/291/3 130/324/3 131/325/3 132/326/3 133/327/3 134/328/3 135/329/3 136/330/3 137/331/3 138/332/3 139/333/3 140/334/3 141/335/3 142/336/3 143/337/3 144/338/3 145/277/3 97/78/3
f 127/240/30 126/290/30 894/339/30 895/241/30
f 7/124/5 177/340/5 178/341/5 179/342/5 180/343/5 181/344/5 182/345/5 183/346/5 184/347/5 153/348/5 154/349/5 155/350/5 156/351/5 157/352/5 158/353/5 159/354/5 160/355/5 161/356/5 3/140/5
f 225/101/31 224/357/31 992/358/31 993/359/31
f 7/124/5 209/360/5 210/361/5 211/362/5 212/363/5 213/364/5 214/365/5 215/366/5 216/367/5 185/368/5 186/369/5 187/370/5 188/371/5 189/372/5 190/373/5 191/374/5 192/375/5 193/376/5 177/340/5
f 274/377/32 273/378/32 1041/379/32 1042/380/32
f 10/118/5 241/117/5 242/381/5 243/382/5 244/383/5 245/384/5 246/385/5 247/386/5 248/387/5 217/388/5 218/389/5 219/390/5 220/391/5 221/392/5 222/393/5 223/394/5 224/357/5 225/101/5 273/378/5 274/377/5 275/395/5 276/396/5 277/397/5 278/398/5 279/399/5 280/400/5 249/401/5 250/402/5 251/403/5 252/404/5 253/405/5 254/406/5 255/407/5 256/408/5 257/409/5 6/100/5 3/140/5 161/356/5 162/410/5 163/411/5 164/412/5 165/413/5 166/414/5 167/415/5 168/416/5 169/417/5 170/418/5 171/419/5 172/420/5 173/421/5 174/422/5 175/423/5 176/424/5 177/340/5 193/376/5 194/425/5 195/426/5 196/427/5 197/428/5 198/429/5 199/430/5 200/431/5 201/432/5 202/433/5 203/434/5 204/435/5 205/436/5 206/437/5 207/438/5 208/439/5 209/360/5 7/124/5
f 177/340/33 176/424/33 944/440/33 945/441/33
f 6/100/5 257/409/5 258/442/5 259/443/5 260/444/5 261/445/5 262/446/5 263/447/5 264/448/5 265/449/5 266/450/5 267/451/5 268/452/5 269/453/5 270/454/5 271/455/5 272/456/5 273/378/5 225/101/5
f 224/357/34 223/394/34 991/457/34 992/358/34
f 1/119/26 305/170/26 306/458/26 307/459/26 308/460/26 309/461/26 310/462/26 311/463/26 312/464/26 281/465/26 282/466/26 283/467/26 284/468/26 285/469/26 286/470/26 287/471/26 288/472/26 289/154/26 13/129/26
f 322/172/35 321/171/35 705/473/35 706/474/35
f 1/119/26 337/187/26 338/475/26 339/476/26 340/477/26 341/478/26 342/479/26 343/480/26 344/481/26 313/482/26 314/483/26 315/484/26 316/485/26 317/486/26 318/487/26 319/488/26 320/489/26 321/171/26 305/170/26
f 371/190/36 370/189/36 754/490/36 755/491/36
f 321/171/37 320/489/37 704/492/37 705/473/37
f 354/493/26 355/494/26 356/495/26 357/496/26 358/497/26 359/498/26 360/499/26 361/500/26 362/501/26 363/502/26 364/503/26 365/504/26 366/505/26 367/506/26 368/507/26 369/188/26 5/141/26 17/146/26 353/204/26
f 370/189/38 369/188/38 753/508/38 754/490/38
f 386/509/26 387/510/26 388/511/26 389/512/26 390/513/26 391/514/26 392/515/26 393/516/26 394/517/26 395/518/26 396/519/26 397/520/26 398/521/26 399/522/26 400/523/26 401/205/26 353/204/26 17/146/26 385/221/26
f 14/41/2 433/23/2 434/524/2 435/525/2 436/526/2 437/527/2 438/528/2 439/529/2 440/530/2 409/531/2 410/532/2 411/533/2 412/534/2 413/535/2 414/536/2 415/537/2 416/538/2 417/7/2 19/6/2
f 430/20/39 429/19/39 557/539/39 558/540/39
f 14/41/2 465/40/2 466/541/2 467/542/2 468/543/2 469/544/2 470/545/2 471/546/2 472/547/2 441/548/2 442/549/2 443/550/2 444/551/2 445/552/2 446/553/2 447/554/2 448/555/2 449/24/2 433/23/2
f 477/55/40 476/54/40 604/556/40 605/557/40
f 526/558/41 525/559/41 653/560/41 654/561/41
f 482/562/2 483/563/2 484/564/2 485/565/2 486/566/2 487/567/2 488/568/2 489/569/2 490/570/2 491/571/2 492/572/2 493/573/2 494/574/2 495/575/2 496/576/2 497/43/2 16/42/2 24/5/2 481/59/2
f 429/19/42 428/18/42 556/577/42 557/539/42
f 514/578/2 515/579/2 516/580/2 517/581/2 518/582/2 519/583/2 520/584/2 521/585/2 522/586/2 523/587/2 524/588/2 525/559/2 526/558/2 527/589/2 528/590/2 529/60/2 481/59/2 24/5/2 513/76/2
f 544/591/2 543/592/2 542/593/2 541/594/2 540/595/2 539/596/2 538/597/2 537/598/2 568/599/2 567/600/2 566/601/2 565/602/2 564/603/2 563/604/2 562/605/2 561/606/2 560/607/2 559/608/2 558/540/2 557/539/2 556/577/2 555/609/2 554/610/2 553/611/2 552/612/2 551/613/2 550/614/2 549/615/2 548/616/2 547/617/2 546/618/2 545/619/2
f 576/620/2 575/621/2 574/622/2 573/623/2 572/624/2 571/625/2 570/626/2 569/627/2 600/628/2 599/629/2 598/630/2 597/631/2 596/632/2 595/633/2 594/634/2 593/635/2 592/636/2 591/637/2 590/638/2 589/639/2 588/640/2 587/641/2 586/642/2 585/643/2 584/644/2 583/645/2 582/646/2 581/647/2 580/648/2 579/649/2 578/650/2 577/651/2
f 609/652/2 608/653/2 607/654/2 606/655/2 605/557/2 604/556/2 603/656/2 602/657/2 601/658/2 632/659/2 631/660/2 630/661/2 629/662/2 628/663/2 627/664/2 626/665/2 625/666/2 624/667/2 623/668/2 622/669/2 621/670/2 620/671/2 619/672/2 618/673/2 617/674/2 616/675/2 615/676/2 614/677/2 613/678/2 612/679/2 611/680/2 610/681/2
f 641/682/2 640/683/2 639/684/2 638/685/2 637/686/2 636/687/2 635/688/2 634/689/2 633/690/2 664/691/2 663/692/2 662/693/2 661/694/2 660/695/2 659/696/2 658/697/2 657/698/2 656/699/2 655/700/2 654/561/2 653/560/2 652/701/2 651/702/2 650/703/2 649/704/2 648/705/2 647/706/2 646/707/2 645/708/2 644/709/2 643/710/2 642/711/2
f 527/589/43 526/558/43 654/561/43 655/700/43
f 478/56/44 477/55/44 605/557/44 606/655/44
f 431/21/45 430/20/45 558/540/45 559/608/45
f 528/590/46 527/589/46 655/700/46 656/699/46
f 479/57/47 478/56/47 606/655/47 607/654/47
f 432/22/48 431/21/48 559/608/48 560/607/48
f 529/60/49 528/590/49 656/699/49 657/698/49
f 480/58/50 479/57/50 607/654/50 608/653/50
f 433/23/51 432/22/51 560/607/51 561/606/51
f 530/61/52 529/60/52 657/698/52 658/697/52
f 481/59/53 480/58/53 608/653/53 609/652/53
f 434/524/54 433/23/54 561/606/54 562/605/54
f 531/62/55 530/61/55 658/697/55 659/696/55
f 482/562/56 481/59/56 609/652/56 610/681/56
f 435/525/57 434/524/57 562/605/57 563/604/57
f 532/63/58 531/62/58 659/696/58 660/695/58
f 483/563/59 482/562/59 610/681/59 611/680/59
f 436/526/60 435/525/60 563/604/60 564/603/60
f 533/64/61 532/63/61 660/695/61 661/694/61
f 484/564/62 483/563/62 611/680/62 612/679/62
f 437/527/61 436/526/61 564/603/61 565/602/61
f 534/65/63 533/64/63 661/694/63 662/693/63
f 485/565/64 484/564/64 612/679/64 613/678/64
f 438/528/65 437/527/65 565/602/65 566/601/65
f 535/66/66 534/65/66 662/693/66 663/692/66
f 486/566/67 485/565/67 613/678/67 614/677/67
f 439/529/68 438/528/68 566/601/68 567/600/68
f 536/67/69 535/66/69 663/692/69 664/691/69
f 487/567/70 486/566/70 614/677/70 615/676/70
f 440/530/71 439/529/71 567/600/71 568/599/71
f 505/68/72 536/67/72 664/691/72 633/690/72
f 488/568/73 487/567/73 615/676/73 616/675/73
f 409/531/74 440/530/74 568/599/74 537/598/74
f 489/569/75 488/568/75 616/675/75 617/674/75
f 490/570/76 489/569/76 617/674/76 618/673/76
f 491/571/77 490/570/77 618/673/77 619/672/77
f 442/549/78 441/548/78 569/627/78 570/626/78
f 492/572/79 491/571/79 619/672/79 620/671/79
f 443/550/80 442/549/80 570/626/80 571/625/80
f 493/573/42 492/572/42 620/671/42 621/670/42
f 444/551/81 443/550/81 571/625/81 572/624/81
f 494/574/82 493/573/82 621/670/82 622/669/82
f 445/552/83 444/551/83 572/624/83 573/623/83
f 495/575/84 494/574/84 622/669/84 623/668/84
f 446/553/85 445/552/85 573/623/85 574/622/85
f 496/576/86 495/575/86 623/668/86 624/667/86
f 447/554/87 446/553/87 574/622/87 575/621/87
f 497/43/88 496/576/88 624/667/88 625/666/88
f 448/555/89 447/554/89 575/621/89 576/620/89
f 498/44/90 497/43/90 625/666/90 626/665/90
f 449/24/91 448/555/91 576/620/91 577/651/91
f 499/45/92 498/44/92 626/665/92 627/664/92
f 450/25/93 449/24/93 577/651/93 578/650/93
f 500/46/94 499/45/94 627/664/94 628/663/94
f 451/26/95 450/25/95 578/650/95 579/649/95
f 501/47/96 500/46/96 628/663/96 629/662/96
f 452/27/97 451/26/97 579/649/97 580/648/97
f 502/48/98 501/47/98 629/662/98 630/661/98
f 453/28/99 452/27/99 580/648/99 581/647/99
f 503/49/100 502/48/100 630/661/100 631/660/100
f 454/29/101 453/28/101 581/647/101 582/646/101
f 504/50/102 503/49/102 631/660/102 632/659/102
f 455/30/70 454/29/70 582/646/70 583/645/70
f 473/51/103 504/50/103 632/659/103 601/658/103
f 456/31/104 455/30/104 583/645/104 584/644/104
f 457/32/105 456/31/105 584/644/105 585/643/105
f 458/33/106 457/32/106 585/643/106 586/642/106
f 506/69/107 505/68/107 633/690/107 634/689/107
f 459/34/108 458/33/108 586/642/108 587/641/108
f 410/532/109 409/531/109 537/598/109 538/597/109
f 507/70/110 506/69/110 634/689/110 635/688/110
f 460/35/111 459/34/111 587/641/111 588/640/111
f 411/533/112 410/532/112 538/597/112 539/596/112
f 508/71/113 507/70/113 635/688/113 636/687/113
f 461/36/114 460/35/114 588/640/114 589/639/114
f 412/534/115 411/533/115 539/596/115 540/595/115
f 509/72/116 508/71/116 636/687/116 637/686/116
f 462/37/39 461/36/39 589/639/39 590/638/39
f 413/535/117 412/534/117 540/595/117 541/594/117
f 510/73/118 509/72/118 637/686/118 638/685/118
f 463/38/119 462/37/119 590/638/119 591/637/119
f 414/536/120 413/535/120 541/594/120 542/593/120
f 511/74/121 510/73/121 638/685/121 639/684/121
f 464/39/122 463/38/122 591/637/122 592/636/122
f 415/537/123 414/536/123 542/593/123 543/592/123
f 512/75/124 511/74/124 639/684/124 640/683/124
f 465/40/125 464/39/125 592/636/125 593/635/125
f 416/538/126 415/537/126 543/592/126 544/591/126
f 513/76/127 512/75/127 640/683/127 641/682/127
f 466/541/90 465/40/90 593/635/90 594/634/90
f 417/7/128 416/538/128 544/591/128 545/619/128
f 514/578/129 513/76/129 641/682/129 642/711/129
f 467/542/130 466/541/130 594/634/130 595/633/130
f 418/8/131 417/7/131 545/619/131 546/618/131
f 515/579/132 514/578/132 642/711/132 643/710/132
f 468/543/133 467/542/133 595/633/133 596/632/133
f 419/9/134 418/8/134 546/618/134 547/617/134
f 516/580/135 515/579/135 643/710/135 644/709/135
f 469/544/136 468/543/136 596/632/136 597/631/136
f 420/10/137 419/9/137 547/617/137 548/616/137
f 517/581/138 516/580/138 644/709/138 645/708/138
f 470/545/139 469/544/139 597/631/139 598/630/139
f 421/11/140 420/10/140 548/616/140 549/615/140
f 518/582/141 517/581/141 645/708/141 646/707/141
f 471/546/142 470/545/142 598/630/142 599/629/142
f 422/12/143 421/11/143 549/615/143 550/614/143
f 519/583/144 518/582/144 646/707/144 647/706/144
f 472/547/145 471/546/145 599/629/145 600/628/145
f 423/13/146 422/12/146 550/614/146 551/613/146
f 520/584/147 519/583/147 647/706/147 648/705/147
f 441/548/148 472/547/148 600/628/148 569/627/148
f 424/14/149 423/13/149 551/613/149 552/612/149
f 521/585/150 520/584/150 648/705/150 649/704/150
f 425/15/151 424/14/151 552/612/151 553/611/151
f 522/586/152 521/585/152 649/704/152 650/703/152
f 426/16/153 425/15/153 553/611/153 554/610/153
f 523/587/154 522/586/154 650/703/154 651/702/154
f 474/52/155 473/51/155 601/658/155 602/657/155
f 427/17/156 426/16/156 554/610/156 555/609/156
f 524/588/157 523/587/157 651/702/157 652/701/157
f 475/53/158 474/52/158 602/657/158 603/656/158
f 428/18/79 427/17/79 555/609/79 556/577/79
f 525/559/159 524/588/159 652/701/159 653/560/159
f 476/54/160 475/53/160 603/656/160 604/556/160
f 672/712/26 671/713/26 670/714/26 669/715/26 668/716/26 667/717/26 666/718/26 665/719/26 696/720/26 695/721/26 694/722/26 693/723/26 692/724/26 691/725/26 690/726/26 689/727/26 688/728/26 687/729/26 686/730/26 685/731/26 684/732/26 683/733/26 682/734/26 681/735/26 680/736/26 679/737/26 678/738/26 677/739/26 676/740/26 675/741/26 674/742/26 673/743/26
f 704/492/26 703/744/26 702/745/26 701/746/26 700/747/26 699/748/26 698/749/26 697/750/26 728/751/26 727/752/26 726/753/26 725/754/26 724/755/26 723/756/26 722/757/26 721/758/26 720/759/26 719/760/26 718/761/26 717/762/26 716/763/26 715/764/26 714/765/26 713/766/26 712/767/26 711/768/26 710/769/26 709/770/26 708/771/26 707/772/26 706/474/26 705/473/26
f 737/773/26 736/774/26 735/775/26 734/776/26 733/777/26 732/778/26 731/779/26 730/780/26 729/781/26 760/782/26 759/783/26 758/784/26 757/785/26 756/786/26 755/491/26 754/490/26 753/508/26 752/787/26 751/788/26 750/789/26 749/790/26 748/791/26 747/792/26 746/793/26 745/794/26 744/795/26 743/796/26 742/797/26 741/798/26 740/799/26 739/800/26 738/801/26
f 769/802/26 768/803/26 767/804/26 766/805/26 765/806/26 764/807/26 763/808/26 762/809/26 761/810/26 792/811/26 791/812/26 790/813/26 789/814/26 788/815/26 787/816/26 786/817/26 785/818/26 784/819/26 783/820/26 782/821/26 781/822/26 780/823/26 779/824/26 778/825/26 777/826/26 776/827/26 775/828/26 774/829/26 773/830/26 772/831/26 771/832/26 770/833/26
f 372/191/161 371/190/161 755/491/161 756/786/161
f 323/173/162 322/172/162 706/474/162 707/772/162
f 373/192/163 372/191/163 756/786/163 757/785/163
f 324/174/164 323/173/164 707/772/164 708/771/164
f 374/193/165 373/192/165 757/785/165 758/784/165
f 325/175/166 324/174/166 708/771/166 709/770/166
f 375/194/167 374/193/167 758/784/167 759/783/167
f 326/176/168 325/175/168 709/770/168 710/769/168
f 376/195/169 375/194/169 759/783/169 760/782/169
f 327/177/170 326/176/170 710/769/170 711/768/170
f 345/196/171 376/195/171 760/782/171 729/781/171
f 328/178/172 327/177/172 711/768/172 712/767/172
f 329/179/173 328/178/173 712/767/173 713/766/173
f 330/180/174 329/179/174 713/766/174 714/765/174
f 378/214/175 377/213/175 761/810/175 762/809/175
f 331/181/176 330/180/176 714/765/176 715/764/176
f 282/466/177 281/465/177 665/719/177 666/718/177
f 379/215/178 378/214/178 762/809/178 763/808/178
f 332/182/179 331/181/179 715/764/179 716/763/179
f 283/467/180 282/466/180 666/718/180 667/717/180
f 380/216/181 379/215/181 763/808/181 764/807/181
f 333/183/182 332/182/182 716/763/182 717/762/182
f 284/468/183 283/467/183 667/717/183 668/716/183
f 381/217/184 380/216/184 764/807/184 765/806/184
f 334/184/185 333/183/185 717/762/185 718/761/185
f 285/469/186 284/468/186 668/716/186 669/715/186
f 382/218/187 381/217/187 765/806/187 766/805/187
f 335/185/188 334/184/188 718/761/188 719/760/188
f 286/470/189 285/469/189 669/715/189 670/714/189
f 383/219/190 382/218/190 766/805/190 767/804/190
f 336/186/191 335/185/191 719/760/191 720/759/191
f 287/471/192 286/470/192 670/714/192 671/713/192
f 384/220/193 383/219/193 767/804/193 768/803/193
f 337/187/194 336/186/194 720/759/194 721/758/194
f 288/472/195 287/471/195 671/713/195 672/712/195
f 385/221/196 384/220/196 768/803/196 769/802/196
f 338/475/197 337/187/197 721/758/197 722/757/197
f 289/154/198 288/472/198 672/712/198 673/743/198
f 386/509/199 385/221/199 769/802/199 770/833/199
f 339/476/200 338/475/200 722/757/200 723/756/200
f 290/155/201 289/154/201 673/743/201 674/742/201
f 387/510/202 386/509/202 770/833/202 771/832/202
f 340/477/203 339/476/203 723/756/203 724/755/203
f 291/156/204 290/155/204 674/742/204 675/741/204
f 388/511/205 387/510/205 771/832/205 772/831/205
f 341/478/206 340/477/206 724/755/206 725/754/206
f 292/157/207 291/156/207 675/741/207 676/740/207
f 389/512/208 388/511/208 772/831/208 773/830/208
f 342/479/209 341/478/209 725/754/209 726/753/209
f 293/158/210 292/157/210 676/740/210 677/739/210
f 390/513/211 389/512/211 773/830/211 774/829/211
f 343/480/212 342/479/212 726/753/212 727/752/212
f 294/159/213 293/158/213 677/739/213 678/738/213
f 391/514/214 390/513/214 774/829/214 775/828/214
f 344/481/215 343/480/215 727/752/215 728/751/215
f 295/160/216 294/159/216 678/738/216 679/737/216
f 392/515/217 391/514/217 775/828/217 776/827/217
f 313/482/218 344/481/218 728/751/218 697/750/218
f 296/161/219 295/160/219 679/737/219 680/736/219
f 393/516/220 392/515/220 776/827/220 777/826/220
f 297/162/221 296/161/221 680/736/221 681/735/221
f 394/517/222 393/516/222 777/826/222 778/825/222
f 298/163/223 297/162/223 681/735/223 682/734/223
f 395/518/224 394/517/224 778/825/224 779/824/224
f 346/197/225 345/196/225 729/781/225 730/780/225
f 299/164/226 298/163/226 682/734/226 683/733/226
f 396/519/227 395/518/227 779/824/227 780/823/227
f 347/198/228 346/197/228 730/780/228 731/779/228
f 300/165/229 299/164/229 683/733/229 684/732/229
f 397/520/230 396/519/230 780/823/230 781/822/230
f 348/199/231 347/198/231 731/779/231 732/778/231
f 301/166/232 300/165/232 684/732/232 685/731/232
f 398/521/233 397/520/233 781/822/233 782/821/233
f 349/200/234 348/199/234 732/778/234 733/777/234
f 302/167/235 301/166/235 685/731/235 686/730/235
f 399/522/236 398/521/236 782/821/236 783/820/236
f 350/201/237 349/200/237 733/777/237 734/776/237
f 303/168/238 302/167/238 686/730/238 687/729/238
f 400/523/239 399/522/239 783/820/239 784/819/239
f 351/202/240 350/201/240 734/776/240 735/775/240
f 304/169/241 303/168/241 687/729/241 688/728/241
f 401/205/242 400/523/242 784/819/242 785/818/242
f 352/203/243 351/202/243 735/775/243 736/774/243
f 305/170/244 304/169/244 688/728/244 689/727/244
f 402/206/245 401/205/245 785/818/245 786/817/245
f 353/204/246 352/203/246 736/774/246 737/773/246
f 306/458/247 305/170/247 689/727/247 690/726/247
f 403/207/200 402/206/200 786/817/200 787/816/200
f 354/493/248 353/204/248 737/773/248 738/801/248
f 307/459/249 306/458/249 690/726/249 691/725/249
f 404/208/250 403/207/250 787/816/250 788/815/250
f 355/494/251 354/493/251 738/801/251 739/800/251
f 308/460/252 307/459/252 691/725/252 692/724/252
f 405/209/253 404/208/253 788/815/253 789/814/253
f 356/495/254 355/494/254 739/800/254 740/799/254
f 309/461/255 308/460/255 692/724/255 693/723/255
f 406/210/256 405/209/256 789/814/256 790/813/256
f 357/496/257 356/495/257 740/799/257 741/798/257
f 310/462/258 309/461/258 693/723/258 694/722/258
f 407/211/259 406/210/259 790/813/259 791/812/259
f 358/497/260 357/496/260 741/798/260 742/797/260
f 311/463/261 310/462/261 694/722/261 695/721/261
f 408/212/262 407/211/262 791/812/262 792/811/262
f 359/498/263 358/497/263 742/797/263 743/796/263
f 312/464/264 311/463/264 695/721/264 696/720/264
f 377/213/265 408/212/265 792/811/265 761/810/265
f 360/499/219 359/498/219 743/796/219 744/795/219
f 281/465/266 312/464/266 696/720/266 665/719/266
f 361/500/267 360/499/267 744/795/267 745/794/267
f 362/501/268 361/500/268 745/794/268 746/793/268
f 363/502/269 362/501/269 746/793/269 747/792/269
f 314/483/270 313/482/270 697/750/270 698/749/270
f 364/503/271 363/502/271 747/792/271 748/791/271
f 315/484/272 314/483/272 698/749/272 699/748/272
f 365/504/273 364/503/273 748/791/273 749/790/273
f 316/485/274 315/484/274 699/748/274 700/747/274
f 366/505/275 365/504/275 749/790/275 750/789/275
f 317/486/276 316/485/276 700/747/276 701/746/276
f 367/506/277 366/505/277 750/789/277 751/788/277
f 318/487/278 317/486/278 701/746/278 702/745/278
f 368/507/279 367/506/279 751/788/279 752/787/279
f 319/488/280 318/487/280 702/745/280 703/744/280
f 369/188/281 368/507/281 752/787/281 753/508/281
f 320/489/282 319/488/282 703/744/282 704/492/282
f 798/260/3 797/834/3 796/835/3 795/836/3 794/837/3 793/838/3 824/839/3 823/840/3 822/841/3 821/842/3 820/843/3 819/844/3 818/845/3 817/846/3 816/847/3 815/848/3 814/849/3 813/850/3 812/851/3 811/852/3 810/853/3 809/854/3 808/855/3 807/856/3 806/857/3 805/858/3 804/859/3 803/860/3 802/861/3 801/862/3 800/863/3 799/261/3
f 832/864/3 831/865/3 830/866/3 829/867/3 828/868/3 827/869/3 826/870/3 825/871/3 856/872/3 855/873/3 854/874/3 853/875/3 852/876/3 851/877/3 850/878/3 849/879/3 848/323/3 847/322/3 846/880/3 845/881/3 844/882/3 843/883/3 842/884/3 841/885/3 840/886/3 839/887/3 838/888/3 837/889/3 836/890/3 835/891/3 834/892/3 833/893/3
f 864/894/3 863/895/3 862/896/3 861/897/3 860/898/3 859/899/3 858/900/3 857/901/3 888/902/3 887/903/3 886/904/3 885/905/3 884/906/3 883/907/3 882/908/3 881/909/3 880/910/3 879/911/3 878/912/3 877/913/3 876/914/3 875/915/3 874/916/3 873/917/3 872/918/3 871/919/3 870/920/3 869/921/3 868/922/3 867/923/3 866/924/3 865/925/3
f 912/926/3 911/927/3 910/928/3 909/929/3 908/930/3 907/931/3 906/932/3 905/933/3 904/934/3 903/935/3 902/936/3 901/937/3 900/938/3 899/939/3 898/940/3 897/941/3 896/242/3 895/241/3 894/339/3 893/942/3 892/943/3 891/944/3 890/945/3 889/946/3 920/947/3 919/948/3 918/949/3 917/950/3 916/951/3 915/952/3 914/953/3 913/954/3
f 81/243/283 80/321/283 848/323/283 849/879/283
f 32/292/284 31/238/284 799/261/284 800/863/284
f 129/291/285 128/239/285 896/242/285 897/941/285
f 82/244/286 81/243/286 849/879/286 850/878/286
f 33/293/287 32/292/287 800/863/287 801/862/287
f 130/324/288 129/291/288 897/941/288 898/940/288
f 83/245/289 82/244/289 850/878/289 851/877/289
f 34/294/290 33/293/290 801/862/290 802/861/290
f 131/325/291 130/324/291 898/940/291 899/939/291
f 84/246/292 83/245/292 851/877/292 852/876/292
f 35/295/293 34/294/293 802/861/293 803/860/293
f 132/326/294 131/325/294 899/939/294 900/938/294
f 85/247/295 84/246/295 852/876/295 853/875/295
f 36/296/296 35/295/296 803/860/296 804/859/296
f 133/327/297 132/326/297 900/938/297 901/937/297
f 86/248/298 85/247/298 853/875/298 854/874/298
f 37/297/299 36/296/299 804/859/299 805/858/299
f 134/328/300 133/327/300 901/937/300 902/936/300
f 87/249/301 86/248/301 854/874/301 855/873/301
f 38/298/302 37/297/302 805/858/302 806/857/302
f 135/329/303 134/328/303 902/936/303 903/935/303
f 88/250/304 87/249/304 855/873/304 856/872/304
f 39/299/305 38/298/305 806/857/305 807/856/305
f 136/330/306 135/329/306 903/935/306 904/934/306
f 57/251/307 88/250/307 856/872/307 825/871/307
f 40/300/308 39/299/308 807/856/308 808/855/308
f 137/331/309 136/330/309 904/934/309 905/933/309
f 41/301/310 40/300/310 808/855/310 809/854/310
f 138/332/311 137/331/311 905/933/311 906/932/311
f 42/302/312 41/301/312 809/854/312 810/853/312
f 139/333/313 138/332/313 906/932/313 907/931/313
f 90/270/314 89/269/314 857/901/314 858/900/314
f 43/303/315 42/302/315 810/853/315 811/852/315
f 140/334/316 139/333/316 907/931/316 908/930/316
f 91/271/317 90/270/317 858/900/317 859/899/317
f 44/304/318 43/303/318 811/852/318 812/851/318
f 141/335/319 140/334/319 908/930/319 909/929/319
f 92/272/320 91/271/320 859/899/320 860/898/320
f 45/305/164 44/304/164 812/851/164 813/850/164
f 142/336/321 141/335/321 909/929/321 910/928/321
f 93/273/322 92/272/322 860/898/322 861/897/322
f 46/306/323 45/305/323 813/850/323 814/849/323
f 143/337/324 142/336/324 910/928/324 911/927/324
f 94/274/325 93/273/325 861/897/325 862/896/325
f 47/222/326 46/306/326 814/849/326 815/848/326
f 144/338/327 143/337/327 911/927/327 912/926/327
f 95/275/328 94/274/328 862/896/328 863/895/328
f 48/223/329 47/222/329 815/848/329 816/847/329
f 145/277/330 144/338/330 912/926/330 913/954/330
f 96/276/331 95/275/331 863/895/331 864/894/331
f 49/224/332 48/223/332 816/847/332 817/846/332
f 146/278/333 145/277/333 913/954/333 914/953/333
f 97/78/334 96/276/334 864/894/334 865/925/334
f 50/225/335 49/224/335 817/846/335 818/845/335
f 147/279/336 146/278/336 914/953/336 915/952/336
f 98/79/337 97/78/337 865/925/337 866/924/337
f 51/226/338 50/225/338 818/845/338 819/844/338
f 148/280/339 147/279/339 915/952/339 916/951/339
f 99/80/340 98/79/340 866/924/340 867/923/340
f 52/227/341 51/226/341 819/844/341 820/843/341
f 149/281/342 148/280/342 916/951/342 917/950/342
f 100/81/343 99/80/343 867/923/343 868/922/343
f 53/228/344 52/227/344 820/843/344 821/842/344
f 150/282/345 149/281/345 917/950/345 918/949/345
f 101/82/346 100/81/346 868/922/346 869/921/346
f 54/229/347 53/228/347 821/842/347 822/841/347
f 151/283/348 150/282/348 918/949/348 919/948/348
f 102/83/349 101/82/349 869/921/349 870/920/349
f 55/230/350 54/229/350 822/841/350 823/840/350
f 152/284/351 151/283/351 919/948/351 920/947/351
f 103/84/352 102/83/352 870/920/352 871/919/352
f 56/231/353 55/230/353 823/840/353 824/839/353
f 121/285/354 152/284/354 920/947/354 889/946/354
f 104/85/355 103/84/355 871/919/355 872/918/355
f 25/232/356 56/231/356 824/839/356 793/838/356
f 105/86/357 104/85/357 872/918/357 873/917/357
f 106/87/358 105/86/358 873/917/358 874/916/358
f 107/88/359 106/87/359 874/916/359 875/915/359
f 58/252/360 57/251/360 825/871/360 826/870/360
f 108/89/361 107/88/361 875/915/361 876/914/361
f 59/253/362 58/252/362 826/870/362 827/869/362
f 109/90/363 108/89/363 876/914/363 877/913/363
f 60/254/364 59/253/364 827/869/364 828/868/364
f 110/91/365 109/90/365 877/913/365 878/912/365
f 61/255/366 60/254/366 828/868/366 829/867/366
f 111/92/367 110/91/367 878/912/367 879/911/367
f 62/256/368 61/255/368 829/867/368 830/866/368
f 112/93/369 111/92/369 879/911/369 880/910/369
f 63/257/250 62/256/250 830/866/250 831/865/250
f 113/94/370 112/93/370 880/910/370 881/909/370
f 64/258/371 63/257/371 831/865/371 832/864/371
f 114/262/372 113/94/372 881/909/372 882/908/372
f 65/259/373 64/258/373 832/864/373 833/893/373
f 115/263/374 114/262/374 882/908/374 883/907/374
f 66/307/375 65/259/375 833/893/375 834/892/375
f 116/264/376 115/263/376 883/907/376 884/906/376
f 67/308/377 66/307/377 834/892/377 835/891/377
f 117/265/378 116/264/378 884/906/378 885/905/378
f 68/309/379 67/308/379 835/891/379 836/890/379
f 118/266/276 117/265/276 885/905/276 886/904/276
f 69/310/380 68/309/380 836/890/380 837/889/380
f 119/267/381 118/266/381 886/904/381 887/903/381
f 70/311/382 69/310/382 837/889/382 838/888/382
f 120/268/383 119/267/383 887/903/383 888/902/383
f 71/312/384 70/311/384 838/888/384 839/887/384
f 89/269/385 120/268/385 888/902/385 857/901/385
f 72/313/386 71/312/386 839/887/386 840/886/386
f 73/314/387 72/313/387 840/886/387 841/885/387
f 74/315/388 73/314/388 841/885/388 842/884/388
f 122/286/389 121/285/389 889/946/389 890/945/389
f 75/316/390 74/315/390 842/884/390 843/883/390
f 26/233/391 25/232/391 793/838/391 794/837/391
f 123/287/392 122/286/392 890/945/392 891/944/392
f 76/317/393 75/316/393 843/883/393 844/882/393
f 27/234/394 26/233/394 794/837/394 795/836/394
f 124/288/395 123/287/395 891/944/395 892/943/395
f 77/318/319 76/317/319 844/882/319 845/881/319
f 28/235/396 27/234/396 795/836/396 796/835/396
f 125/289/397 124/288/397 892/943/397 893/942/397
f 78/319/398 77/318/398 845/881/398 846/880/398
f 29/236/399 28/235/399 796/835/399 797/834/399
f 126/290/400 125/289/400 893/942/400 894/339/400
f 79/320/401 78/319/401 846/880/401 847/322/401
f 30/237/402 29/236/402 797/834/402 798/260/402
f 928/955/5 927/956/5 926/957/5 925/958/5 924/959/5 923/960/5 922/961/5 921/962/5 952/963/5 951/964/5 950/965/5 949/966/5 948/967/5 947/968/5 946/969/5 945/441/5 944/440/5 943/970/5 942/971/5 941/972/5 940/973/5 939/974/5 938/975/5 937/976/5 936/977/5 935/978/5 934/979/5 933/980/5 932/981/5 931/982/5 930/983/5 929/984/5
f 960/985/5 959/986/5 958/987/5 957/988/5 956/989/5 955/990/5 954/991/5 953/992/5 984/993/5 983/994/5 982/995/5 981/996/5 980/997/5 979/998/5 978/999/5 977/1000/5 976/1001/5 975/1002/5 974/1003/5 973/1004/5 972/1005/5 971/1006/5 970/1007/5 969/1008/5 968/1009/5 967/1010/5 966/1011/5 965/1012/5 964/1013/5 963/1014/5 962/1015/5 961/1016/5
f 992/358/5 991/457/5 990/1017/5 989/1018/5 988/1019/5 987/1020/5 986/1021/5 985/1022/5 1016/1023/5 1015/1024/5 1014/1025/5 1013/1026/5 1012/1027/5 1011/1028/5 1010/1029/5 1009/1030/5 1008/1031/5 1007/1032/5 1006/1033/5 1005/1034/5 1004/1035/5 1003/1036/5 1002/1037/5 1001/1038/5 1000/1039/5 999/1040/5 998/1041/5 997/1042/5 996/1043/5 995/1044/5 994/1045/5 993/359/5
f 1040/1046/5 1039/1047/5 1038/1048/5 1037/1049/5 1036/1050/5 1035/1051/5 1034/1052/5 1033/1053/5 1032/1054/5 1031/1055/5 1030/1056/5 1029/1057/5 1028/1058/5 1027/1059/5 1026/1060/5 1025/1061/5 1024/1062/5 1023/1063/5 1022/1064/5 1021/1065/5 1020/1066/5 1019/1067/5 1018/1068/5 1017/1069/5 1048/1070/5 1047/1071/5 1046/1072/5 1045/1073/5 1044/1074/5 1043/1075/5 1042/380/5 1041/379/5
f 178/341/403 177/340/403 945/441/403 946/969/403
f 275/395/404 274/377/404 1042/380/404 1043/1075/404
f 226/102/405 225/101/405 993/359/405 994/1045/405
f 179/342/406 178/341/406 946/969/406 947/968/406
f 276/396/407 275/395/407 1043/1075/407 1044/1074/407
f 227/103/86 226/102/86 994/1045/86 995/1044/86
f 180/343/408 179/342/408 947/968/408 948/967/408
f 277/397/409 276/396/409 1044/1074/409 1045/1073/409
f 228/104/410 227/103/410 995/1044/410 996/1043/410
f 181/344/411 180/343/411 948/967/411 949/966/411
f 278/398/412 277/397/412 1045/1073/412 1046/1072/412
f 229/105/413 228/104/413 996/1043/413 997/1042/413
f 182/345/412 181/344/412 949/966/412 950/965/412
f 279/399/414 278/398/414 1046/1072/414 1047/1071/414
f 230/106/415 229/105/415 997/1042/415 998/1041/415
f 183/346/416 182/345/416 950/965/416 951/964/416
f 280/400/417 279/399/417 1047/1071/417 1048/1070/417
f 231/107/418 230/106/418 998/1041/418 999/1040/418
f 184/347/419 183/346/419 951/964/419 952/963/419
f 249/401/420 280/400/420 1048/1070/420 1017/1069/420
f 232/108/421 231/107/421 999/1040/421 1000/1039/421
f 153/348/422 184/347/422 952/963/422 921/962/422
f 233/109/423 232/108/423 1000/1039/423 1001/1038/423
f 234/110/424 233/109/424 1001/1038/424 1002/1037/424
f 235/111/425 234/110/425 1002/1037/425 1003/1036/425
f 186/369/426 185/368/426 953/992/426 954/991/426
f 236/112/427 235/111/427 1003/1036/427 1004/1035/427
f 187/370/428 186/369/428 954/991/428 955/990/428
f 237/113/67 236/112/67 1004/1035/67 1005/1034/67
f 188/371/429 187/370/429 955/990/429 956/989/429
f 238/114/430 237/113/430 1005/1034/430 1006/1033/430
f 189/372/431 188/371/431 956/989/431 957/988/431
f 239/115/432 238/114/432 1006/1033/432 1007/1032/432
f 190/373/433 189/372/433 957/988/433 958/987/433
f 240/116/434 239/115/434 1007/1032/434 1008/1031/434
f 191/374/58 190/373/58 958/987/58 959/986/58
f 241/117/435 240/116/435 1008/1031/435 1009/1030/435
f 192/375/436 191/374/436 959/986/436 960/985/436
f 242/381/437 241/117/437 1009/1030/437 1010/1029/437
f 193/376/438 192/375/438 960/985/438 961/1016/438
f 243/382/439 242/381/439 1010/1029/439 1011/1028/439
f 194/425/440 193/376/440 961/1016/440 962/1015/440
f 244/383/441 243/382/441 1011/1028/441 1012/1027/441
f 195/426/442 194/425/442 962/1015/442 963/1014/442
f 245/384/443 244/383/443 1012/1027/443 1013/1026/443
f 196/427/444 195/426/444 963/1014/444 964/1013/444
f 246/385/445 245/384/445 1013/1026/445 1014/1025/445
f 197/428/446 196/427/446 964/1013/446 965/1012/446
f 247/386/447 246/385/447 1014/1025/447 1015/1024/447
f 198/429/448 197/428/448 965/1012/448 966/1011/448
f 248/387/449 247/386/449 1015/1024/449 1016/1023/449
f 199/430/418 198/429/418 966/1011/418 967/1010/418
f 217/388/450 248/387/450 1016/1023/450 985/1022/450
f 200/431/451 199/430/451 967/1010/451 968/1009/451
f 201/432/452 200/431/452 968/1009/452 969/1008/452
f 202/433/453 201/432/453 969/1008/453 970/1007/453
f 250/402/72 249/401/72 1017/1069/72 1018/1068/72
f 203/434/454 202/433/454 970/1007/454 971/1006/454
f 154/349/455 153/348/455 921/962/455 922/961/455
f 251/403/456 250/402/456 1018/1068/456 1019/1067/456
f 204/435/457 203/434/457 971/1006/457 972/1005/457
f 155/350/458 154/349/458 922/961/458 923/960/458
f 252/404/459 251/403/459 1019/1067/459 1020/1066/459
f 205/436/460 204/435/460 972/1005/460 973/1004/460
f 156/351/461 155/350/461 923/960/461 924/959/461
f 253/405/462 252/404/462 1020/1066/462 1021/1065/462
f 206/437/463 205/436/463 973/1004/463 974/1003/463
f 157/352/464 156/351/464 924/959/464 925/958/464
f 254/406/465 253/405/465 1021/1065/465 1022/1064/465
f 207/438/466 206/437/466 974/1003/466 975/1002/466
f 158/353/467 157/352/467 925/958/467 926/957/467
f 255/407/468 254/406/468 1022/1064/468 1023/1063/468
f 208/439/469 207/438/469 975/1002/469 976/1001/469
f 159/354/470 158/353/470 926/957/470 927/956/470
f 256/408/471 255/407/471 1023/1063/471 1024/1062/471
f 209/360/33 208/439/33 976/1001/33 977/1000/33
f 160/355/472 159/354/472 927/956/472 928/955/472
f 257/409/473 256/408/473 1024/1062/473 1025/1061/473
f 210/361/474 209/360/474 977/1000/474 978/999/474
f 161/356/475 160/355/475 928/955/475 929/984/475
f 258/442/476 257/409/476 1025/1061/476 1026/1060/476
f 211/362/477 210/361/477 978/999/477 979/998/477
f 162/410/478 161/356/478 929/984/478 930/983/478
f 259/443/479 258/442/479 1026/1060/479 1027/1059/479
f 212/363/480 211/362/480 979/998/480 980/997/480
f 163/411/481 162/410/481 930/983/481 931/982/481
f 260/444/482 259/443/482 1027/1059/482 1028/1058/482
f 213/364/44 212/363/44 980/997/44 981/996/44
f 164/412/483 163/411/483 931/982/483 932/981/483
f 261/445/484 260/444/484 1028/1058/484 1029/1057/484
f 214/365/485 213/364/485 981/996/485 982/995/485
f 165/413/486 164/412/486 932/981/486 933/980/486
f 262/446/487 261/445/487 1029/1057/487 1030/1056/487
f 215/366/488 214/365/488 982/995/488 983/994/488
f 166/414/489 165/413/489 933/980/489 934/979/489
f 263/447/490 262/446/490 1030/1056/490 1031/1055/490
f 216/367/491 215/366/491 983/994/491 984/993/491
f 167/415/492 166/414/492 934/979/492 935/978/492
f 264/448/493 263/447/493 1031/1055/493 1032/1054/493
f 185/368/494 216/367/494 984/993/494 953/992/494
f 168/416/495 167/415/495 935/978/495 936/977/495
f 265/449/496 264/448/496 1032/1054/496 1033/1053/496
f 169/417/497 168/416/497 936/977/497 937/976/497
f 266/450/498 265/449/498 1033/1053/498 1034/1052/498
f 170/418/499 169/417/499 937/976/499 938/975/499
f 267/451/500 266/450/500 1034/1052/500 1035/1051/500
f 218/389/501 217/388/501 985/1022/501 986/1021/501
f 171/419/502 170/418/502 938/975/502 939/974/502
f 268/452/503 267/451/503 1035/1051/503 1036/1050/503
f 219/390/504 218/389/504 986/1021/504 987/1020/504
f 172/420/505 171/419/505 939/974/505 940/973/505
f 269/453/506 268/452/506 1036/1050/506 1037/1049/506
f 220/391/507 219/390/507 987/1020/507 988/1019/507
f 173/421/508 172/420/508 940/973/508 941/972/508
f 270/454/430 269/453/430 1037/1049/430 1038/1048/430
f 221/392/509 220/391/509 988/1019/509 989/1018/509
f 174/422/510 173/421/510 941/972/510 942/971/510
f 271/455/511 270/454/511 1038/1048/511 1039/1047/511
f 222/393/512 221/392/512 989/1018/512 990/1017/512
f 175/423/513 174/422/513 942/971/513 943/970/513
f 272/456/514 271/455/514 1039/1047/514 1040/1046/514
f 223/394/515 222/393/515 990/1017/515 991/457/515
f 176/424/516 175/423/516 943/970/516 944/440/516
f 273/378/517 272/456/517 1040/1046/517 1041/379/517
usemtl outline
f 1066/1076/4 1070/1077/4 1060/1078/4 1052/1079/4
f 1072/1080/5 1561/1081/5 1560/1082/5 1559/1083/5 1558/1084/5 1557/1085/5 1556/1086/5 1555/1087/5 1554/1088/5 1553/1089/5 1584/1090/5 1583/1091/5 1582/1092/5 1581/1093/5 1580/1094/5 1579/1095/5 1578/1096/5 1577/1097/5 1529/1098/5 1528/1099/5 1527/1100/5 1526/1101/5 1525/1102/5 1524/1103/5 1523/1104/5 1522/1105/5 1521/1106/5 1552/1107/5 1551/1108/5 1550/1109/5 1549/1110/5 1548/1111/5 1547/1112/5 1546/1113/5 1545/1114/5 1064/1115/5 1062/1116/5 1513/1117/5 1512/1118/5 1511/1119/5 1510/1120/5 1509/1121/5 1508/1122/5 1507/1123/5 1506/1124/5 1505/1125/5 1504/1126/5 1503/1127/5 1502/1128/5 1501/1129/5 1500/1130/5 1499/1131/5 1498/1132/5 1497/1133/5 1481/1134/5 1480/1135/5 1479/1136/5 1478/1137/5 1477/1138/5 1476/1139/5 1475/1140/5 1474/1141/5 1473/1142/5 1472/1143/5 1471/1144/5 1470/1145/5 1469/1146/5 1468/1147/5 1467/1148/5 1466/1149/5 1465/1150/5 1067/1151/5
f 1059/1152/518 1071/1153/518 1161/1154/518 1160/1155/518 1159/1156/518 1158/1157/518 1157/1158/518 1156/1159/518 1155/1160/518 1154/1161/518 1153/1162/518 1152/1163/518 1151/1164/518 1150/1165/518 1149/1166/518 1148/1167/518 1147/1168/518 1146/1169/518 1145/1170/518
f 1050/1171/1 1056/1172/1 1069/1173/1 1063/1174/1
f 1054/1175/519 1058/1176/519 1289/1177/519 1288/1178/519 1287/1179/519 1286/1180/519 1285/1181/519 1284/1182/519 1283/1183/519 1282/1184/519 1281/1185/519 1280/1186/519 1279/1187/519 1278/1188/519 1277/1189/519 1276/1190/519 1275/1191/519 1274/1192/519 1273/1193/519
f 1049/1194/520 1051/1195/520 1050/1196/520
f 1052/1079/521 1054/1197/521 1053/1198/521
f 1055/1199/522 1057/1200/522 1056/1201/522
f 1058/1176/523 1060/1202/523 1059/1203/523
f 1061/1204/524 1063/1205/524 1062/1206/524
f 1064/1115/525 1066/1207/525 1065/1208/525
f 1067/1151/526 1069/1209/526 1068/1210/526
f 1070/1077/527 1072/1211/527 1071/1212/527
f 1066/1076/21 1064/1213/21 1072/1211/21 1070/1077/21
f 1052/1079/20 1053/1198/20 1065/1214/20 1066/1076/20
f 1051/1215/17 1049/1194/17 1053/1216/17 1054/1175/17
f 1071/1153/16 1072/1217/16 1067/1218/16 1068/1219/16
f 1057/1220/19 1055/1199/19 1058/1176/19 1059/1152/19
f 1061/1204/18 1062/1116/18 1064/1115/18 1065/1221/18
f 1056/1172/15 1057/1222/15 1068/1223/15 1069/1173/15
f 1050/1171/14 1051/1215/14 1055/1199/14 1056/1172/14
f 1070/1077/24 1071/1212/24 1059/1224/24 1060/1078/24
f 1069/1173/25 1067/1225/25 1062/1226/25 1063/1174/25
f 1063/1174/22 1061/1227/22 1049/1228/22 1050/1171/22
f 1060/1078/23 1058/1176/23 1054/1175/23 1052/1079/23
f 1065/1221/3 1433/1229/3 1432/1230/3 1431/1231/3 1430/1232/3 1429/1233/3 1428/1234/3 1427/1235/3 1426/1236/3 1425/1237/3 1456/1238/3 1455/1239/3 1454/1240/3 1453/1241/3 1452/1242/3 1451/1243/3 1450/1244/3 1449/1245/3 1401/1246/3 1400/1247/3 1399/1248/3 1398/1249/3 1397/1250/3 1396/1251/3 1395/1252/3 1394/1253/3 1393/1254/3 1424/1255/3 1423/1256/3 1422/1257/3 1421/1258/3 1420/1259/3 1419/1260/3 1418/1261/3 1417/1262/3 1053/1216/3 1049/1194/3 1385/1263/3 1384/1264/3 1383/1265/3 1382/1266/3 1381/1267/3 1380/1268/3 1379/1269/3 1378/1270/3 1377/1271/3 1376/1272/3 1375/1273/3 1374/1274/3 1373/1275/3 1372/1276/3 1371/1277/3 1370/1278/3 1369/1279/3 1353/1280/3 1352/1281/3 1351/1282/3 1350/1283/3 1349/1284/3 1348/1285/3 1347/1286/3 1346/1287/3 1345/1288/3 1344/1289/3 1343/1290/3 1342/1291/3 1341/1292/3 1340/1293/3 1339/1294/3 1338/1295/3 1337/1296/3 1061/1204/3
f 1068/1219/528 1057/1220/528 1079/1297/528 1078/1298/528 1077/1299/528 1076/1300/528 1075/1301/528 1074/1302/528 1073/1303/528 1104/1304/528 1103/1305/528 1102/1306/528 1101/1307/528 1100/1308/528 1099/1309/528 1098/1310/528 1097/1311/528 1096/1312/528 1095/1313/528
f 1176/1314/529 1944/1315/529 1943/1316/529 1175/1317/529
f 1068/1219/530 1095/1313/530 1113/1318/530 1112/1319/530 1111/1320/530 1110/1321/530 1109/1322/530 1108/1323/530 1107/1324/530 1106/1325/530 1105/1326/530 1136/1327/530 1135/1328/530 1134/1329/530 1133/1330/530 1132/1331/530 1131/1332/530 1130/1333/530 1129/1334/530
f 1079/1297/531 1847/1335/531 1846/1336/531 1078/1298/531
f 1071/1153/532 1068/1219/532 1129/1334/532 1128/1337/532 1127/1338/532 1126/1339/532 1125/1340/532 1124/1341/532 1123/1342/532 1122/1343/532 1121/1344/532 1120/1345/532 1119/1346/532 1118/1347/532 1117/1348/532 1116/1349/532 1115/1350/532 1114/1351/532 1113/1318/532 1095/1313/532 1094/1352/532 1093/1353/532 1092/1354/532 1091/1355/532 1090/1356/532 1089/1357/532 1088/1358/532 1087/1359/532 1086/1360/532 1085/1361/532 1084/1362/532 1083/1363/532 1082/1364/532 1081/1365/532 1080/1366/532 1079/1297/532 1057/1220/532 1059/1152/532 1177/1367/532 1176/1314/532 1175/1317/532 1174/1368/532 1173/1369/532 1172/1370/532 1171/1371/532 1170/1372/532 1169/1373/532 1200/1374/532 1199/1375/532 1198/1376/532 1197/1377/532 1196/1378/532 1195/1379/532 1194/1380/532 1193/1381/532 1145/1170/532 1144/1382/532 1143/1383/532 1142/1384/532 1141/1385/532 1140/1386/532 1139/1387/532 1138/1388/532 1137/1389/532 1168/1390/532 1167/1391/532 1166/1392/532 1165/1393/532 1164/1394/532 1163/1395/532 1162/1396/532 1161/1154/532
f 1128/1337/533 1896/1397/533 1895/1398/533 1127/1338/533
f 1059/1152/534 1145/1170/534 1193/1381/534 1192/1399/534 1191/1400/534 1190/1401/534 1189/1402/534 1188/1403/534 1187/1404/534 1186/1405/534 1185/1406/534 1184/1407/534 1183/1408/534 1182/1409/534 1181/1410/534 1180/1411/534 1179/1412/534 1178/1413/534 1177/1367/534
f 1175/1317/535 1943/1316/535 1942/1414/535 1174/1368/535
f 1055/1199/536 1051/1215/536 1209/1415/536 1208/1416/536 1207/1417/536 1206/1418/536 1205/1419/536 1204/1420/536 1203/1421/536 1202/1422/536 1201/1423/536 1232/1424/536 1231/1425/536 1230/1426/536 1229/1427/536 1228/1428/536 1227/1429/536 1226/1430/536 1225/1431/536
f 1273/1193/537 2041/1432/537 2040/1433/537 1272/1434/537
f 1055/1199/538 1225/1431/538 1241/1435/538 1240/1436/538 1239/1437/538 1238/1438/538 1237/1439/538 1236/1440/538 1235/1441/538 1234/1442/538 1233/1443/538 1264/1444/538 1263/1445/538 1262/1446/538 1261/1447/538 1260/1448/538 1259/1449/538 1258/1450/538 1257/1451/538
f 1322/1452/539 2090/1453/539 2089/1454/539 1321/1455/539
f 1058/1176/2 1055/1199/2 1257/1451/2 1256/1456/2 1255/1457/2 1254/1458/2 1253/1459/2 1252/1460/2 1251/1461/2 1250/1462/2 1249/1463/2 1248/1464/2 1247/1465/2 1246/1466/2 1245/1467/2 1244/1468/2 1243/1469/2 1242/1470/2 1241/1435/2 1225/1431/2 1224/1471/2 1223/1472/2 1222/1473/2 1221/1474/2 1220/1475/2 1219/1476/2 1218/1477/2 1217/1478/2 1216/1479/2 1215/1480/2 1214/1481/2 1213/1482/2 1212/1483/2 1211/1484/2 1210/1485/2 1209/1415/2 1051/1215/2 1054/1175/2 1305/1486/2 1304/1487/2 1303/1488/2 1302/1489/2 1301/1490/2 1300/1491/2 1299/1492/2 1298/1493/2 1297/1494/2 1328/1495/2 1327/1496/2 1326/1497/2 1325/1498/2 1324/1499/2 1323/1500/2 1322/1452/2 1321/1455/2 1273/1193/2 1272/1434/2 1271/1501/2 1270/1502/2 1269/1503/2 1268/1504/2 1267/1505/2 1266/1506/2 1265/1507/2 1296/1508/2 1295/1509/2 1294/1510/2 1293/1511/2 1292/1512/2 1291/1513/2 1290/1514/2 1289/1177/2
f 1225/1431/540 1993/1515/540 1992/1516/540 1224/1471/540
f 1054/1175/541 1273/1193/541 1321/1455/541 1320/1517/541 1319/1518/541 1318/1519/541 1317/1520/541 1316/1521/541 1315/1522/541 1314/1523/541 1313/1524/541 1312/1525/541 1311/1526/541 1310/1527/541 1309/1528/541 1308/1529/541 1307/1530/541 1306/1531/541 1305/1486/541
f 1272/1434/516 2040/1433/516 2039/1532/516 1271/1501/516
f 1049/1194/542 1061/1204/542 1337/1296/542 1336/1533/542 1335/1534/542 1334/1535/542 1333/1536/542 1332/1537/542 1331/1538/542 1330/1539/542 1329/1540/542 1360/1541/542 1359/1542/542 1358/1543/542 1357/1544/542 1356/1545/542 1355/1546/542 1354/1547/542 1353/1280/542
f 1370/1278/543 1754/1548/543 1753/1549/543 1369/1279/543
f 1049/1194/544 1353/1280/544 1369/1279/544 1368/1550/544 1367/1551/544 1366/1552/544 1365/1553/544 1364/1554/544 1363/1555/544 1362/1556/544 1361/1557/544 1392/1558/544 1391/1559/544 1390/1560/544 1389/1561/544 1388/1562/544 1387/1563/544 1386/1564/544 1385/1263/544
f 1419/1260/545 1803/1565/545 1802/1566/545 1418/1261/545
f 1369/1279/546 1753/1549/546 1752/1567/546 1368/1550/546
f 1402/1568/547 1401/1246/547 1065/1221/547 1053/1216/547 1417/1262/547 1416/1569/547 1415/1570/547 1414/1571/547 1413/1572/547 1412/1573/547 1411/1574/547 1410/1575/547 1409/1576/547 1408/1577/547 1407/1578/547 1406/1579/547 1405/1580/547 1404/1581/547 1403/1582/547
f 1418/1261/548 1802/1566/548 1801/1583/548 1417/1262/548
f 1434/1584/549 1433/1229/549 1065/1221/549 1401/1246/549 1449/1245/549 1448/1585/549 1447/1586/549 1446/1587/549 1445/1588/549 1444/1589/549 1443/1590/549 1442/1591/549 1441/1592/549 1440/1593/549 1439/1594/549 1438/1595/549 1437/1596/549 1436/1597/549 1435/1598/549
f 1062/1116/550 1067/1151/550 1465/1150/550 1464/1599/550 1463/1600/550 1462/1601/550 1461/1602/550 1460/1603/550 1459/1604/550 1458/1605/550 1457/1606/550 1488/1607/550 1487/1608/550 1486/1609/550 1485/1610/550 1484/1611/550 1483/1612/550 1482/1613/550 1481/1134/550
f 1478/1137/551 1606/1614/551 1605/1615/551 1477/1138/551
f 1062/1116/552 1481/1134/552 1497/1133/552 1496/1616/552 1495/1617/552 1494/1618/552 1493/1619/552 1492/1620/552 1491/1621/552 1490/1622/552 1489/1623/552 1520/1624/552 1519/1625/552 1518/1626/552 1517/1627/552 1516/1628/552 1515/1629/552 1514/1630/552 1513/1117/552
f 1525/1102/42 1653/1631/42 1652/1632/42 1524/1103/42
f 1574/1633/553 1702/1634/553 1701/1635/553 1573/1636/553
f 1530/1637/554 1529/1098/554 1072/1080/554 1064/1115/554 1545/1114/554 1544/1638/554 1543/1639/554 1542/1640/554 1541/1641/554 1540/1642/554 1539/1643/554 1538/1644/554 1537/1645/554 1536/1646/554 1535/1647/554 1534/1648/554 1533/1649/554 1532/1650/554 1531/1651/554
f 1477/1138/555 1605/1615/555 1604/1652/555 1476/1139/555
f 1562/1653/556 1561/1081/556 1072/1080/556 1529/1098/556 1577/1097/556 1576/1654/556 1575/1655/556 1574/1633/556 1573/1636/556 1572/1656/556 1571/1657/556 1570/1658/556 1569/1659/556 1568/1660/556 1567/1661/556 1566/1662/556 1565/1663/556 1564/1664/556 1563/1665/556
f 1592/1666/5 1593/1667/5 1594/1668/5 1595/1669/5 1596/1670/5 1597/1671/5 1598/1672/5 1599/1673/5 1600/1674/5 1601/1675/5 1602/1676/5 1603/1677/5 1604/1652/5 1605/1615/5 1606/1614/5 1607/1678/5 1608/1679/5 1609/1680/5 1610/1681/5 1611/1682/5 1612/1683/5 1613/1684/5 1614/1685/5 1615/1686/5 1616/1687/5 1585/1688/5 1586/1689/5 1587/1690/5 1588/1691/5 1589/1692/5 1590/1693/5 1591/1694/5
f 1624/1695/5 1625/1696/5 1626/1697/5 1627/1698/5 1628/1699/5 1629/1700/5 1630/1701/5 1631/1702/5 1632/1703/5 1633/1704/5 1634/1705/5 1635/1706/5 1636/1707/5 1637/1708/5 1638/1709/5 1639/1710/5 1640/1711/5 1641/1712/5 1642/1713/5 1643/1714/5 1644/1715/5 1645/1716/5 1646/1717/5 1647/1718/5 1648/1719/5 1617/1720/5 1618/1721/5 1619/1722/5 1620/1723/5 1621/1724/5 1622/1725/5 1623/1726/5
f 1657/1727/5 1658/1728/5 1659/1729/5 1660/1730/5 1661/1731/5 1662/1732/5 1663/1733/5 1664/1734/5 1665/1735/5 1666/1736/5 1667/1737/5 1668/1738/5 1669/1739/5 1670/1740/5 1671/1741/5 1672/1742/5 1673/1743/5 1674/1744/5 1675/1745/5 1676/1746/5 1677/1747/5 1678/1748/5 1679/1749/5 1680/1750/5 1649/1751/5 1650/1752/5 1651/1753/5 1652/1632/5 1653/1631/5 1654/1754/5 1655/1755/5 1656/1756/5
f 1689/1757/5 1690/1758/5 1691/1759/5 1692/1760/5 1693/1761/5 1694/1762/5 1695/1763/5 1696/1764/5 1697/1765/5 1698/1766/5 1699/1767/5 1700/1768/5 1701/1635/5 1702/1634/5 1703/1769/5 1704/1770/5 1705/1771/5 1706/1772/5 1707/1773/5 1708/1774/5 1709/1775/5 1710/1776/5 1711/1777/5 1712/1778/5 1681/1779/5 1682/1780/5 1683/1781/5 1684/1782/5 1685/1783/5 1686/1784/5 1687/1785/5 1688/1786/5
f 1575/1655/557 1703/1769/557 1702/1634/557 1574/1633/557
f 1526/1101/39 1654/1754/39 1653/1631/39 1525/1102/39
f 1479/1136/558 1607/1678/558 1606/1614/558 1478/1137/558
f 1576/1654/406 1704/1770/406 1703/1769/406 1575/1655/406
f 1527/1100/559 1655/1755/559 1654/1754/559 1526/1101/559
f 1480/1135/560 1608/1679/560 1607/1678/560 1479/1136/560
f 1577/1097/561 1705/1771/561 1704/1770/561 1576/1654/561
f 1528/1099/562 1656/1756/562 1655/1755/562 1527/1100/562
f 1481/1134/563 1609/1680/563 1608/1679/563 1480/1135/563
f 1578/1096/564 1706/1772/564 1705/1771/564 1577/1097/564
f 1529/1098/565 1657/1727/565 1656/1756/565 1528/1099/565
f 1482/1613/566 1610/1681/566 1609/1680/566 1481/1134/566
f 1579/1095/516 1707/1773/516 1706/1772/516 1578/1096/516
f 1530/1637/567 1658/1728/567 1657/1727/567 1529/1098/567
f 1483/1612/134 1611/1682/134 1610/1681/134 1482/1613/134
f 1580/1094/568 1708/1774/568 1707/1773/568 1579/1095/568
f 1531/1651/569 1659/1729/569 1658/1728/569 1530/1637/569
f 1484/1611/570 1612/1683/570 1611/1682/570 1483/1612/570
f 1581/1093/571 1709/1775/571 1708/1774/571 1580/1094/571
f 1532/1650/60 1660/1730/60 1659/1729/60 1531/1651/60
f 1485/1610/572 1613/1684/572 1612/1683/572 1484/1611/572
f 1582/1092/573 1710/1776/573 1709/1775/573 1581/1093/573
f 1533/1649/574 1661/1731/574 1660/1730/574 1532/1650/574
f 1486/1609/575 1614/1685/575 1613/1684/575 1485/1610/575
f 1583/1091/576 1711/1777/576 1710/1776/576 1582/1092/576
f 1534/1648/577 1662/1732/577 1661/1731/577 1533/1649/577
f 1487/1608/427 1615/1686/427 1614/1685/427 1486/1609/427
f 1584/1090/578 1712/1778/578 1711/1777/578 1583/1091/578
f 1535/1647/68 1663/1733/68 1662/1732/68 1534/1648/68
f 1488/1607/425 1616/1687/425 1615/1686/425 1487/1608/425
f 1553/1089/579 1681/1779/579 1712/1778/579 1584/1090/579
f 1536/1646/580 1664/1734/580 1663/1733/580 1535/1647/580
f 1457/1606/151 1585/1688/151 1616/1687/151 1488/1607/151
f 1537/1645/581 1665/1735/581 1664/1734/581 1536/1646/581
f 1538/1644/582 1666/1736/582 1665/1735/582 1537/1645/582
f 1539/1643/583 1667/1737/583 1666/1736/583 1538/1644/583
f 1490/1622/584 1618/1721/584 1617/1720/584 1489/1623/584
f 1540/1642/585 1668/1738/585 1667/1737/585 1539/1643/585
f 1491/1621/495 1619/1722/495 1618/1721/495 1490/1622/495
f 1541/1641/586 1669/1739/586 1668/1738/586 1540/1642/586
f 1492/1620/587 1620/1723/587 1619/1722/587 1491/1621/587
f 1542/1640/588 1670/1740/588 1669/1739/588 1541/1641/588
f 1493/1619/589 1621/1724/589 1620/1723/589 1492/1620/589
f 1543/1639/590 1671/1741/590 1670/1740/590 1542/1640/590
f 1494/1618/591 1622/1725/591 1621/1724/591 1493/1619/591
f 1544/1638/592 1672/1742/592 1671/1741/592 1543/1639/592
f 1495/1617/119 1623/1726/119 1622/1725/119 1494/1618/119
f 1545/1114/593 1673/1743/593 1672/1742/593 1544/1638/593
f 1496/1616/86 1624/1695/86 1623/1726/86 1495/1617/86
f 1546/1113/594 1674/1744/594 1673/1743/594 1545/1114/594
f 1497/1133/595 1625/1696/595 1624/1695/595 1496/1616/595
f 1547/1112/596 1675/1745/596 1674/1744/596 1546/1113/596
f 1498/1132/597 1626/1697/597 1625/1696/597 1497/1133/597
f 1548/1111/432 1676/1746/432 1675/1745/432 1547/1112/432
f 1499/1131/598 1627/1698/598 1626/1697/598 1498/1132/598
f 1549/1110/430 1677/1747/430 1676/1746/430 1548/1111/430
f 1500/1130/599 1628/1699/599 1627/1698/599 1499/1131/599
f 1550/1109/600 1678/1748/600 1677/1747/600 1549/1110/600
f 1501/1129/601 1629/1700/601 1628/1699/601 1500/1130/601
f 1551/1108/602 1679/1749/602 1678/1748/602 1550/1109/602
f 1502/1128/603 1630/1701/603 1629/1700/603 1501/1129/603
f 1552/1107/604 1680/1750/604 1679/1749/604 1551/1108/604
f 1503/1127/605 1631/1702/605 1630/1701/605 1502/1128/605
f 1521/1106/105 1649/1751/105 1680/1750/105 1552/1107/105
f 1504/1126/456 1632/1703/456 1631/1702/456 1503/1127/456
f 1505/1125/606 1633/1704/606 1632/1703/606 1504/1126/606
f 1506/1124/155 1634/1705/155 1633/1704/155 1505/1125/155
f 1554/1088/607 1682/1780/607 1681/1779/607 1553/1089/607
f 1507/1123/608 1635/1706/608 1634/1705/608 1506/1124/608
f 1458/1605/607 1586/1689/607 1585/1688/607 1457/1606/607
f 1555/1087/609 1683/1781/609 1682/1780/609 1554/1088/609
f 1508/1122/610 1636/1707/610 1635/1706/610 1507/1123/610
f 1459/1604/611 1587/1690/611 1586/1689/611 1458/1605/611
f 1556/1086/612 1684/1782/612 1683/1781/612 1555/1087/612
f 1509/1121/613 1637/1708/613 1636/1707/613 1508/1122/613
f 1460/1603/418 1588/1691/418 1587/1690/418 1459/1604/418
f 1557/1085/42 1685/1783/42 1684/1782/42 1556/1086/42
f 1510/1120/614 1638/1709/614 1637/1708/614 1509/1121/614
f 1461/1602/615 1589/1692/615 1588/1691/615 1460/1603/615
f 1558/1084/486 1686/1784/486 1685/1783/486 1557/1085/486
f 1511/1119/616 1639/1710/616 1638/1709/616 1510/1120/616
f 1462/1601/484 1590/1693/484 1589/1692/484 1461/1602/484
f 1559/1083/119 1687/1785/119 1686/1784/119 1558/1084/119
f 1512/1118/617 1640/1711/617 1639/1710/617 1511/1119/617
f 1463/1600/483 1591/1694/483 1590/1693/483 1462/1601/483
f 1560/1082/618 1688/1786/618 1687/1785/618 1559/1083/618
f 1513/1117/619 1641/1712/619 1640/1711/619 1512/1118/619
f 1464/1599/620 1592/1666/620 1591/1694/620 1463/1600/620
f 1561/1081/621 1689/1757/621 1688/1786/621 1560/1082/621
f 1514/1630/622 1642/1713/622 1641/1712/622 1513/1117/622
f 1465/1150/623 1593/1667/623 1592/1666/623 1464/1599/623
f 1562/1653/624 1690/1758/624 1689/1757/624 1561/1081/624
f 1515/1629/625 1643/1714/625 1642/1713/625 1514/1630/625
f 1466/1149/626 1594/1668/626 1593/1667/626 1465/1150/626
f 1563/1665/627 1691/1759/627 1690/1758/627 1562/1653/627
f 1516/1628/628 1644/1715/628 1643/1714/628 1515/1629/628
f 1467/1148/436 1595/1669/436 1594/1668/436 1466/1149/436
f 1564/1664/629 1692/1760/629 1691/1759/629 1563/1665/629
f 1517/1627/99 1645/1716/99 1644/1715/99 1516/1628/99
f 1468/1147/630 1596/1670/630 1595/1669/630 1467/1148/630
f 1565/1663/631 1693/1761/631 1692/1760/631 1564/1664/631
f 1518/1626/632 1646/1717/632 1645/1716/632 1517/1627/632
f 1469/1146/633 1597/1671/633 1596/1670/633 1468/1147/633
f 1566/1662/634 1694/1762/634 1693/1761/634 1565/1663/634
f 1519/1625/635 1647/1718/635 1646/1717/635 1518/1626/635
f 1470/1145/462 1598/1672/462 1597/1671/462 1469/1146/462
f 1567/1661/636 1695/1763/636 1694/1762/636 1566/1662/636
f 1520/1624/637 1648/1719/637 1647/1718/637 1519/1625/637
f 1471/1144/638 1599/1673/638 1598/1672/638 1470/1145/638
f 1568/1660/639 1696/1764/639 1695/1763/639 1567/1661/639
f 1489/1623/640 1617/1720/640 1648/1719/640 1520/1624/640
f 1472/1143/641 1600/1674/641 1599/1673/641 1471/1144/641
f 1569/1659/642 1697/1765/642 1696/1764/642 1568/1660/642
f 1473/1142/72 1601/1675/72 1600/1674/72 1472/1143/72
f 1570/1658/643 1698/1766/643 1697/1765/643 1569/1659/643
f 1474/1141/582 1602/1676/582 1601/1675/582 1473/1142/582
f 1571/1657/644 1699/1767/644 1698/1766/644 1570/1658/644
f 1522/1105/423 1650/1752/423 1649/1751/423 1521/1106/423
f 1475/1140/644 1603/1677/644 1602/1676/644 1474/1141/644
f 1572/1656/645 1700/1768/645 1699/1767/645 1571/1657/645
f 1523/1104/646 1651/1753/646 1650/1752/646 1522/1105/646
f 1476/1139/647 1604/1652/647 1603/1677/647 1475/1140/647
f 1573/1636/648 1701/1635/648 1700/1768/648 1572/1656/648
f 1524/1103/649 1652/1632/649 1651/1753/649 1523/1104/649
f 1720/1787/3 1721/1788/3 1722/1789/3 1723/1790/3 1724/1791/3 1725/1792/3 1726/1793/3 1727/1794/3 1728/1795/3 1729/1796/3 1730/1797/3 1731/1798/3 1732/1799/3 1733/1800/3 1734/1801/3 1735/1802/3 1736/1803/3 1737/1804/3 1738/1805/3 1739/1806/3 1740/1807/3 1741/1808/3 1742/1809/3 1743/1810/3 1744/1811/3 1713/1812/3 1714/1813/3 1715/1814/3 1716/1815/3 1717/1816/3 1718/1817/3 1719/1818/3
f 1752/1567/3 1753/1549/3 1754/1548/3 1755/1819/3 1756/1820/3 1757/1821/3 1758/1822/3 1759/1823/3 1760/1824/3 1761/1825/3 1762/1826/3 1763/1827/3 1764/1828/3 1765/1829/3 1766/1830/3 1767/1831/3 1768/1832/3 1769/1833/3 1770/1834/3 1771/1835/3 1772/1836/3 1773/1837/3 1774/1838/3 1775/1839/3 1776/1840/3 1745/1841/3 1746/1842/3 1747/1843/3 1748/1844/3 1749/1845/3 1750/1846/3 1751/1847/3
f 1785/1848/3 1786/1849/3 1787/1850/3 1788/1851/3 1789/1852/3 1790/1853/3 1791/1854/3 1792/1855/3 1793/1856/3 1794/1857/3 1795/1858/3 1796/1859/3 1797/1860/3 1798/1861/3 1799/1862/3 1800/1863/3 1801/1583/3 1802/1566/3 1803/1565/3 1804/1864/3 1805/1865/3 1806/1866/3 1807/1867/3 1808/1868/3 1777/1869/3 1778/1870/3 1779/1871/3 1780/1872/3 1781/1873/3 1782/1874/3 1783/1875/3 1784/1876/3
f 1817/1877/3 1818/1878/3 1819/1879/3 1820/1880/3 1821/1881/3 1822/1882/3 1823/1883/3 1824/1884/3 1825/1885/3 1826/1886/3 1827/1887/3 1828/1888/3 1829/1889/3 1830/1890/3 1831/1891/3 1832/1892/3 1833/1893/3 1834/1894/3 1835/1895/3 1836/1896/3 1837/1897/3 1838/1898/3 1839/1899/3 1840/1900/3 1809/1901/3 1810/1902/3 1811/1903/3 1812/1904/3 1813/1905/3 1814/1906/3 1815/1907/3 1816/1908/3
f 1420/1259/650 1804/1864/650 1803/1565/650 1419/1260/650
f 1371/1277/651 1755/1819/651 1754/1548/651 1370/1278/651
f 1421/1258/652 1805/1865/652 1804/1864/652 1420/1259/652
f 1372/1276/653 1756/1820/653 1755/1819/653 1371/1277/653
f 1422/1257/654 1806/1866/654 1805/1865/654 1421/1258/654
f 1373/1275/655 1757/1821/655 1756/1820/655 1372/1276/655
f 1423/1256/656 1807/1867/656 1806/1866/656 1422/1257/656
f 1374/1274/657 1758/1822/657 1757/1821/657 1373/1275/657
f 1424/1255/658 1808/1868/658 1807/1867/658 1423/1256/658
f 1375/1273/659 1759/1823/659 1758/1822/659 1374/1274/659
f 1393/1254/660 1777/1869/660 1808/1868/660 1424/1255/660
f 1376/1272/215 1760/1824/215 1759/1823/215 1375/1273/215
f 1377/1271/661 1761/1825/661 1760/1824/661 1376/1272/661
f 1378/1270/662 1762/1826/662 1761/1825/662 1377/1271/662
f 1426/1236/663 1810/1902/663 1809/1901/663 1425/1237/663
f 1379/1269/664 1763/1827/664 1762/1826/664 1378/1270/664
f 1330/1539/222 1714/1813/222 1713/1812/222 1329/1540/222
f 1427/1235/665 1811/1903/665 1810/1902/665 1426/1236/665
f 1380/1268/666 1764/1828/666 1763/1827/666 1379/1269/666
f 1331/1538/667 1715/1814/667 1714/1813/667 1330/1539/667
f 1428/1234/668 1812/1904/668 1811/1903/668 1427/1235/668
f 1381/1267/669 1765/1829/669 1764/1828/669 1380/1268/669
f 1332/1537/670 1716/1815/670 1715/1814/670 1331/1538/670
f 1429/1233/671 1813/1905/671 1812/1904/671 1428/1234/671
f 1382/1266/672 1766/1830/672 1765/1829/672 1381/1267/672
f 1333/1536/182 1717/1816/182 1716/1815/182 1332/1537/182
f 1430/1232/673 1814/1906/673 1813/1905/673 1429/1233/673
f 1383/1265/674 1767/1831/674 1766/1830/674 1382/1266/674
f 1334/1535/675 1718/1817/675 1717/1816/675 1333/1536/675
f 1431/1231/676 1815/1907/676 1814/1906/676 1430/1232/676
f 1384/1264/677 1768/1832/677 1767/1831/677 1383/1265/677
f 1335/1534/238 1719/1818/238 1718/1817/238 1334/1535/238
f 1432/1230/678 1816/1908/678 1815/1907/678 1431/1231/678
f 1385/1263/679 1769/1833/679 1768/1832/679 1384/1264/679
f 1336/1533/680 1720/1787/680 1719/1818/680 1335/1534/680
f 1433/1229/681 1817/1877/681 1816/1908/681 1432/1230/681
f 1386/1564/682 1770/1834/682 1769/1833/682 1385/1263/682
f 1337/1296/683 1721/1788/683 1720/1787/683 1336/1533/683
f 1434/1584/684 1818/1878/684 1817/1877/684 1433/1229/684
f 1387/1563/685 1771/1835/685 1770/1834/685 1386/1564/685
f 1338/1295/686 1722/1789/686 1721/1788/686 1337/1296/686
f 1435/1598/687 1819/1879/687 1818/1878/687 1434/1584/687
f 1388/1562/688 1772/1836/688 1771/1835/688 1387/1563/688
f 1339/1294/689 1723/1790/689 1722/1789/689 1338/1295/689
f 1436/1597/690 1820/1880/690 1819/1879/690 1435/1598/690
f 1389/1561/691 1773/1837/691 1772/1836/691 1388/1562/691
f 1340/1293/692 1724/1791/692 1723/1790/692 1339/1294/692
f 1437/1596/693 1821/1881/693 1820/1880/693 1436/1597/693
f 1390/1560/694 1774/1838/694 1773/1837/694 1389/1561/694
f 1341/1292/695 1725/1792/695 1724/1791/695 1340/1293/695
f 1438/1595/209 1822/1882/209 1821/1881/209 1437/1596/209
f 1391/1559/696 1775/1839/696 1774/1838/696 1390/1560/696
f 1342/1291/697 1726/1793/697 1725/1792/697 1341/1292/697
f 1439/1594/698 1823/1883/698 1822/1882/698 1438/1595/698
f 1392/1558/699 1776/1840/699 1775/1839/699 1391/1559/699
f 1343/1290/700 1727/1794/700 1726/1793/700 1342/1291/700
f 1440/1593/701 1824/1884/701 1823/1883/701 1439/1594/701
f 1361/1557/702 1745/1841/702 1776/1840/702 1392/1558/702
f 1344/1289/703 1728/1795/703 1727/1794/703 1343/1290/703
f 1441/1592/704 1825/1885/704 1824/1884/704 1440/1593/704
f 1345/1288/218 1729/1796/218 1728/1795/218 1344/1289/218
f 1442/1591/705 1826/1886/705 1825/1885/705 1441/1592/705
f 1346/1287/225 1730/1797/225 1729/1796/225 1345/1288/225
f 1443/1590/706 1827/1887/706 1826/1886/706 1442/1591/706
f 1394/1253/222 1778/1870/222 1777/1869/222 1393/1254/222
f 1347/1286/707 1731/1798/707 1730/1797/707 1346/1287/707
f 1444/1589/708 1828/1888/708 1827/1887/708 1443/1590/708
f 1395/1252/709 1779/1871/709 1778/1870/709 1394/1253/709
f 1348/1285/710 1732/1799/710 1731/1798/710 1347/1286/710
f 1445/1588/711 1829/1889/711 1828/1888/711 1444/1589/711
f 1396/1251/712 1780/1872/712 1779/1871/712 1395/1252/712
f 1349/1284/713 1733/1800/713 1732/1799/713 1348/1285/713
f 1446/1587/714 1830/1890/714 1829/1889/714 1445/1588/714
f 1397/1250/715 1781/1873/715 1780/1872/715 1396/1251/715
f 1350/1283/716 1734/1801/716 1733/1800/716 1349/1284/716
f 1447/1586/717 1831/1891/717 1830/1890/717 1446/1587/717
f 1398/1249/718 1782/1874/718 1781/1873/718 1397/1250/718
f 1351/1282/240 1735/1802/240 1734/1801/240 1350/1283/240
f 1448/1585/719 1832/1892/719 1831/1891/719 1447/1586/719
f 1399/1248/720 1783/1875/720 1782/1874/720 1398/1249/720
f 1352/1281/721 1736/1803/721 1735/1802/721 1351/1282/721
f 1449/1245/722 1833/1893/722 1832/1892/722 1448/1585/722
f 1400/1247/241 1784/1876/241 1783/1875/241 1399/1248/241
f 1353/1280/723 1737/1804/723 1736/1803/723 1352/1281/723
f 1450/1244/724 1834/1894/724 1833/1893/724 1449/1245/724
f 1401/1246/725 1785/1848/725 1784/1876/725 1400/1247/725
f 1354/1547/726 1738/1805/726 1737/1804/726 1353/1280/726
f 1451/1243/251 1835/1895/251 1834/1894/251 1450/1244/251
f 1402/1568/727 1786/1849/727 1785/1848/727 1401/1246/727
f 1355/1546/728 1739/1806/728 1738/1805/728 1354/1547/728
f 1452/1242/205 1836/1896/205 1835/1895/205 1451/1243/205
f 1403/1582/36 1787/1850/36 1786/1849/36 1402/1568/36
f 1356/1545/729 1740/1807/729 1739/1806/729 1355/1546/729
f 1453/1241/730 1837/1897/730 1836/1896/730 1452/1242/730
f 1404/1581/731 1788/1851/731 1787/1850/731 1403/1582/731
f 1357/1544/732 1741/1808/732 1740/1807/732 1356/1545/732
f 1454/1240/733 1838/1898/733 1837/1897/733 1453/1241/733
f 1405/1580/734 1789/1852/734 1788/1851/734 1404/1581/734
f 1358/1543/735 1742/1809/735 1741/1808/735 1357/1544/735
f 1455/1239/736 1839/1899/736 1838/1898/736 1454/1240/736
f 1406/1579/737 1790/1853/737 1789/1852/737 1405/1580/737
f 1359/1542/738 1743/1810/738 1742/1809/738 1358/1543/738
f 1456/1238/739 1840/1900/739 1839/1899/739 1455/1239/739
f 1407/1578/740 1791/1854/740 1790/1853/740 1406/1579/740
f 1360/1541/741 1744/1811/741 1743/1810/741 1359/1542/741
f 1425/1237/742 1809/1901/742 1840/1900/742 1456/1238/742
f 1408/1577/743 1792/1855/743 1791/1854/743 1407/1578/743
f 1329/1540/744 1713/1812/744 1744/1811/744 1360/1541/744
f 1409/1576/745 1793/1856/745 1792/1855/745 1408/1577/745
f 1410/1575/746 1794/1857/746 1793/1856/746 1409/1576/746
f 1411/1574/747 1795/1858/747 1794/1857/747 1410/1575/747
f 1362/1556/748 1746/1842/748 1745/1841/748 1361/1557/748
f 1412/1573/749 1796/1859/749 1795/1858/749 1411/1574/749
f 1363/1555/750 1747/1843/750 1746/1842/750 1362/1556/750
f 1413/1572/751 1797/1860/751 1796/1859/751 1412/1573/751
f 1364/1554/752 1748/1844/752 1747/1843/752 1363/1555/752
f 1414/1571/753 1798/1861/753 1797/1860/753 1413/1572/753
f 1365/1553/671 1749/1845/671 1748/1844/671 1364/1554/671
f 1415/1570/754 1799/1862/754 1798/1861/754 1414/1571/754
f 1366/1552/275 1750/1846/275 1749/1845/275 1365/1553/275
f 1416/1569/755 1800/1863/755 1799/1862/755 1415/1570/755
f 1367/1551/756 1751/1847/756 1750/1846/756 1366/1552/756
f 1417/1262/757 1801/1583/757 1800/1863/757 1416/1569/757
f 1368/1550/758 1752/1567/758 1751/1847/758 1367/1551/758
f 1846/1336/532 1847/1335/532 1848/1909/532 1849/1910/532 1850/1911/532 1851/1912/532 1852/1913/532 1853/1914/532 1854/1915/532 1855/1916/532 1856/1917/532 1857/1918/532 1858/1919/532 1859/1920/532 1860/1921/532 1861/1922/532 1862/1923/532 1863/1924/532 1864/1925/532 1865/1926/532 1866/1927/532 1867/1928/532 1868/1929/532 1869/1930/532 1870/1931/532 1871/1932/532 1872/1933/532 1841/1934/532 1842/1935/532 1843/1936/532 1844/1937/532 1845/1938/532
f 1880/1939/759 1881/1940/759 1882/1941/759 1883/1942/759 1884/1943/759 1885/1944/759 1886/1945/759 1887/1946/759 1888/1947/759 1889/1948/759 1890/1949/759 1891/1950/759 1892/1951/759 1893/1952/759 1894/1953/759 1895/1398/759 1896/1397/759 1897/1954/759 1898/1955/759 1899/1956/759 1900/1957/759 1901/1958/759 1902/1959/759 1903/1960/759 1904/1961/759 1873/1962/759 1874/1963/759 1875/1964/759 1876/1965/759 1877/1966/759 1878/1967/759 1879/1968/759
f 1912/1969/760 1913/1970/760 1914/1971/760 1915/1972/760 1916/1973/760 1917/1974/760 1918/1975/760 1919/1976/760 1920/1977/760 1921/1978/760 1922/1979/760 1923/1980/760 1924/1981/760 1925/1982/760 1926/1983/760 1927/1984/760 1928/1985/760 1929/1986/760 1930/1987/760 1931/1988/760 1932/1989/760 1933/1990/760 1934/1991/760 1935/1992/760 1936/1993/760 1905/1994/760 1906/1995/760 1907/1996/760 1908/1997/760 1909/1998/760 1910/1999/760 1911/2000/760
f 1960/2001/761 1961/2002/761 1962/2003/761 1963/2004/761 1964/2005/761 1965/2006/761 1966/2007/761 1967/2008/761 1968/2009/761 1937/2010/761 1938/2011/761 1939/2012/761 1940/2013/761 1941/2014/761 1942/1414/761 1943/1316/761 1944/1315/761 1945/2015/761 1946/2016/761 1947/2017/761 1948/2018/761 1949/2019/761 1950/2020/761 1951/2021/761 1952/2022/761 1953/2023/761 1954/2024/761 1955/2025/761 1956/2026/761 1957/2027/761 1958/2028/761 1959/2029/761
f 1129/1334/762 1897/1954/762 1896/1397/762 1128/1337/762
f 1080/1366/763 1848/1909/763 1847/1335/763 1079/1297/763
f 1177/1367/764 1945/2015/764 1944/1315/764 1176/1314/764
f 1130/1333/765 1898/1955/765 1897/1954/765 1129/1334/765
f 1081/1365/766 1849/1910/766 1848/1909/766 1080/1366/766
f 1178/1413/767 1946/2016/767 1945/2015/767 1177/1367/767
f 1131/1332/768 1899/1956/768 1898/1955/768 1130/1333/768
f 1082/1364/769 1850/1911/769 1849/1910/769 1081/1365/769
f 1179/1412/770 1947/2017/770 1946/2016/770 1178/1413/770
f 1132/1331/771 1900/1957/771 1899/1956/771 1131/1332/771
f 1083/1363/772 1851/1912/772 1850/1911/772 1082/1364/772
f 1180/1411/773 1948/2018/773 1947/2017/773 1179/1412/773
f 1133/1330/774 1901/1958/774 1900/1957/774 1132/1331/774
f 1084/1362/775 1852/1913/775 1851/1912/775 1083/1363/775
f 1181/1410/776 1949/2019/776 1948/2018/776 1180/1411/776
f 1134/1329/777 1902/1959/777 1901/1958/777 1133/1330/777
f 1085/1361/778 1853/1914/778 1852/1913/778 1084/1362/778
f 1182/1409/779 1950/2020/779 1949/2019/779 1181/1410/779
f 1135/1328/780 1903/1960/780 1902/1959/780 1134/1329/780
f 1086/1360/781 1854/1915/781 1853/1914/781 1085/1361/781
f 1183/1408/782 1951/2021/782 1950/2020/782 1182/1409/782
f 1136/1327/783 1904/1961/783 1903/1960/783 1135/1328/783
f 1087/1359/784 1855/1916/784 1854/1915/784 1086/1360/784
f 1184/1407/785 1952/2022/785 1951/2021/785 1183/1408/785
f 1105/1326/786 1873/1962/786 1904/1961/786 1136/1327/786
f 1088/1358/787 1856/1917/787 1855/1916/787 1087/1359/787
f 1185/1406/788 1953/2023/788 1952/2022/788 1184/1407/788
f 1089/1357/789 1857/1918/789 1856/1917/789 1088/1358/789
f 1186/1405/790 1954/2024/790 1953/2023/790 1185/1406/790
f 1090/1356/791 1858/1919/791 1857/1918/791 1089/1357/791
f 1187/1404/792 1955/2025/792 1954/2024/792 1186/1405/792
f 1138/1388/793 1906/1995/793 1905/1994/793 1137/1389/793
f 1091/1355/794 1859/1920/794 1858/1919/794 1090/1356/794
f 1188/1403/795 1956/2026/795 1955/2025/795 1187/1404/795
f 1139/1387/796 1907/1996/796 1906/1995/796 1138/1388/796
f 1092/1354/797 1860/1921/797 1859/1920/797 1091/1355/797
f 1189/1402/397 1957/2027/397 1956/2026/397 1188/1403/397
f 1140/1386/798 1908/1997/798 1907/1996/798 1139/1387/798
f 1093/1353/653 1861/1922/653 1860/1921/653 1092/1354/653
f 1190/1401/799 1958/2028/799 1957/2027/799 1189/1402/799
f 1141/1385/800 1909/1998/800 1908/1997/800 1140/1386/800
f 1094/1352/801 1862/1923/801 1861/1922/801 1093/1353/801
f 1191/1400/802 1959/2029/802 1958/2028/802 1190/1401/802
f 1142/1384/803 1910/1999/803 1909/1998/803 1141/1385/803
f 1095/1313/804 1863/1924/804 1862/1923/804 1094/1352/804
f 1192/1399/805 1960/2001/805 1959/2029/805 1191/1400/805
f 1143/1383/806 1911/2000/806 1910/1999/806 1142/1384/806
f 1096/1312/807 1864/1925/807 1863/1924/807 1095/1313/807
f 1193/1381/808 1961/2002/808 1960/2001/808 1192/1399/808
f 1144/1382/809 1912/1969/809 1911/2000/809 1143/1383/809
f 1097/1311/810 1865/1926/810 1864/1925/810 1096/1312/810
f 1194/1380/811 1962/2003/811 1961/2002/811 1193/1381/811
f 1145/1170/812 1913/1970/812 1912/1969/812 1144/1382/812
f 1098/1310/813 1866/1927/813 1865/1926/813 1097/1311/813
f 1195/1379/814 1963/2004/814 1962/2003/814 1194/1380/814
f 1146/1169/815 1914/1971/815 1913/1970/815 1145/1170/815
f 1099/1309/816 1867/1928/816 1866/1927/816 1098/1310/816
f 1196/1378/817 1964/2005/817 1963/2004/817 1195/1379/817
f 1147/1168/818 1915/1972/818 1914/1971/818 1146/1169/818
f 1100/1308/819 1868/1929/819 1867/1928/819 1099/1309/819
f 1197/1377/820 1965/2006/820 1964/2005/820 1196/1378/820
f 1148/1167/821 1916/1973/821 1915/1972/821 1147/1168/821
f 1101/1307/822 1869/1930/822 1868/1929/822 1100/1308/822
f 1198/1376/823 1966/2007/823 1965/2006/823 1197/1377/823
f 1149/1166/824 1917/1974/824 1916/1973/824 1148/1167/824
f 1102/1306/825 1870/1931/825 1869/1930/825 1101/1307/825
f 1199/1375/826 1967/2008/826 1966/2007/826 1198/1376/826
f 1150/1165/827 1918/1975/827 1917/1974/827 1149/1166/827
f 1103/1305/828 1871/1932/828 1870/1931/828 1102/1306/828
f 1200/1374/829 1968/2009/829 1967/2008/829 1199/1375/829
f 1151/1164/830 1919/1976/830 1918/1975/830 1150/1165/830
f 1104/1304/831 1872/1933/831 1871/1932/831 1103/1305/831
f 1169/1373/832 1937/2010/832 1968/2009/832 1200/1374/832
f 1152/1163/833 1920/1977/833 1919/1976/833 1151/1164/833
f 1073/1303/834 1841/1934/834 1872/1933/834 1104/1304/834
f 1153/1162/835 1921/1978/835 1920/1977/835 1152/1163/835
f 1154/1161/836 1922/1979/836 1921/1978/836 1153/1162/836
f 1155/1160/837 1923/1980/837 1922/1979/837 1154/1161/837
f 1106/1325/838 1874/1963/838 1873/1962/838 1105/1326/838
f 1156/1159/839 1924/1981/839 1923/1980/839 1155/1160/839
f 1107/1324/840 1875/1964/840 1874/1963/840 1106/1325/840
f 1157/1158/841 1925/1982/841 1924/1981/841 1156/1159/841
f 1108/1323/842 1876/1965/842 1875/1964/842 1107/1324/842
f 1158/1157/843 1926/1983/843 1925/1982/843 1157/1158/843
f 1109/1322/844 1877/1966/844 1876/1965/844 1108/1323/844
f 1159/1156/845 1927/1984/845 1926/1983/845 1158/1157/845
f 1110/1321/732 1878/1967/732 1877/1966/732 1109/1322/732
f 1160/1155/846 1928/1985/846 1927/1984/846 1159/1156/846
f 1111/1320/847 1879/1968/847 1878/1967/847 1110/1321/847
f 1161/1154/848 1929/1986/848 1928/1985/848 1160/1155/848
f 1112/1319/323 1880/1939/323 1879/1968/323 1111/1320/323
f 1162/1396/849 1930/1987/849 1929/1986/849 1161/1154/849
f 1113/1318/850 1881/1940/850 1880/1939/850 1112/1319/850
f 1163/1395/851 1931/1988/851 1930/1987/851 1162/1396/851
f 1114/1351/852 1882/1941/852 1881/1940/852 1113/1318/852
f 1164/1394/853 1932/1989/853 1931/1988/853 1163/1395/853
f 1115/1350/854 1883/1942/854 1882/1941/854 1114/1351/854
f 1165/1393/855 1933/1990/855 1932/1989/855 1164/1394/855
f 1116/1349/856 1884/1943/856 1883/1942/856 1115/1350/856
f 1166/1392/857 1934/1991/857 1933/1990/857 1165/1393/857
f 1117/1348/858 1885/1944/858 1884/1943/858 1116/1349/858
f 1167/1391/859 1935/1992/859 1934/1991/859 1166/1392/859
f 1118/1347/860 1886/1945/860 1885/1944/860 1117/1348/860
f 1168/1390/861 1936/1993/861 1935/1992/861 1167/1391/861
f 1119/1346/862 1887/1946/862 1886/1945/862 1118/1347/862
f 1137/1389/863 1905/1994/863 1936/1993/863 1168/1390/863
f 1120/1345/864 1888/1947/864 1887/1946/864 1119/1346/864
f 1121/1344/865 1889/1948/865 1888/1947/865 1120/1345/865
f 1122/1343/866 1890/1949/866 1889/1948/866 1121/1344/866
f 1170/1372/867 1938/2011/867 1937/2010/867 1169/1373/867
f 1123/1342/868 1891/1950/868 1890/1949/868 1122/1343/868
f 1074/1302/869 1842/1935/869 1841/1934/869 1073/1303/869
f 1171/1371/870 1939/2012/870 1938/2011/870 1170/1372/870
f 1124/1341/871 1892/1951/871 1891/1950/871 1123/1342/871
f 1075/1301/872 1843/1936/872 1842/1935/872 1074/1302/872
f 1172/1370/873 1940/2013/873 1939/2012/873 1171/1371/873
f 1125/1340/874 1893/1952/874 1892/1951/874 1124/1341/874
f 1076/1300/875 1844/1937/875 1843/1936/875 1075/1301/875
f 1173/1369/876 1941/2014/876 1940/2013/876 1172/1370/876
f 1126/1339/877 1894/1953/877 1893/1952/877 1125/1340/877
f 1077/1299/878 1845/1938/878 1844/1937/878 1076/1300/878
f 1174/1368/879 1942/1414/879 1941/2014/879 1173/1369/879
f 1127/1338/880 1895/1398/880 1894/1953/880 1126/1339/880
f 1078/1298/881 1846/1336/881 1845/1938/881 1077/1299/881
f 1976/2030/2 1977/2031/2 1978/2032/2 1979/2033/2 1980/2034/2 1981/2035/2 1982/2036/2 1983/2037/2 1984/2038/2 1985/2039/2 1986/2040/2 1987/2041/2 1988/2042/2 1989/2043/2 1990/2044/2 1991/2045/2 1992/1516/2 1993/1515/2 1994/2046/2 1995/2047/2 1996/2048/2 1997/2049/2 1998/2050/2 1999/2051/2 2000/2052/2 1969/2053/2 1970/2054/2 1971/2055/2 1972/2056/2 1973/2057/2 1974/2058/2 1975/2059/2
f 2008/2060/2 2009/2061/2 2010/2062/2 2011/2063/2 2012/2064/2 2013/2065/2 2014/2066/2 2015/2067/2 2016/2068/2 2017/2069/2 2018/2070/2 2019/2071/2 2020/2072/2 2021/2073/2 2022/2074/2 2023/2075/2 2024/2076/2 2025/2077/2 2026/2078/2 2027/2079/2 2028/2080/2 2029/2081/2 2030/2082/2 2031/2083/2 2032/2084/2 2001/2085/2 2002/2086/2 2003/2087/2 2004/2088/2 2005/2089/2 2006/2090/2 2007/2091/2
f 2040/1433/2 2041/1432/2 2042/2092/2 2043/2093/2 2044/2094/2 2045/2095/2 2046/2096/2 2047/2097/2 2048/2098/2 2049/2099/2 2050/2100/2 2051/2101/2 2052/2102/2 2053/2103/2 2054/2104/2 2055/2105/2 2056/2106/2 2057/2107/2 2058/2108/2 2059/2109/2 2060/2110/2 2061/2111/2 2062/2112/2 2063/2113/2 2064/2114/2 2033/2115/2 2034/2116/2 2035/2117/2 2036/2118/2 2037/2119/2 2038/2120/2 2039/1532/2
f 2088/2121/2 2089/1454/2 2090/1453/2 2091/2122/2 2092/2123/2 2093/2124/2 2094/2125/2 2095/2126/2 2096/2127/2 2065/2128/2 2066/2129/2 2067/2130/2 2068/2131/2 2069/2132/2 2070/2133/2 2071/2134/2 2072/2135/2 2073/2136/2 2074/2137/2 2075/2138/2 2076/2139/2 2077/2140/2 2078/2141/2 2079/2142/2 2080/2143/2 2081/2144/2 2082/2145/2 2083/2146/2 2084/2147/2 2085/2148/2 2086/2149/2 2087/2150/2
f 1226/1430/882 1994/2046/882 1993/1515/882 1225/1431/882
f 1323/1500/562 2091/2122/562 2090/1453/562 1322/1452/562
f 1274/1192/883 2042/2092/883 2041/1432/883 1273/1193/883
f 1227/1429/884 1995/2047/884 1994/2046/884 1226/1430/884
f 1324/1499/885 2092/2123/885 2091/2122/885 1323/1500/885
f 1275/1191/886 2043/2093/886 2042/2092/886 1274/1192/886
f 1228/1428/887 1996/2048/887 1995/2047/887 1227/1429/887
f 1325/1498/888 2093/2124/888 2092/2123/888 1324/1499/888
f 1276/1190/47 2044/2094/47 2043/2093/47 1275/1191/47
f 1229/1427/889 1997/2049/889 1996/2048/889 1228/1428/889
f 1326/1497/890 2094/2125/890 2093/2124/890 1325/1498/890
f 1277/1189/891 2045/2095/891 2044/2094/891 1276/1190/891
f 1230/1426/892 1998/2050/892 1997/2049/892 1229/1427/892
f 1327/1496/111 2095/2126/111 2094/2125/111 1326/1497/111
f 1278/1188/893 2046/2096/893 2045/2095/893 1277/1189/893
f 1231/1425/894 1999/2051/894 1998/2050/894 1230/1426/894
f 1328/1495/895 2096/2127/895 2095/2126/895 1327/1496/895
f 1279/1187/610 2047/2097/610 2046/2096/610 1278/1188/610
f 1232/1424/611 2000/2052/611 1999/2051/611 1231/1425/611
f 1297/1494/423 2065/2128/423 2096/2127/423 1328/1495/423
f 1280/1186/896 2048/2098/896 2047/2097/896 1279/1187/896
f 1201/1423/607 1969/2053/607 2000/2052/607 1232/1424/607
f 1281/1185/897 2049/2099/897 2048/2098/897 1280/1186/897
f 1282/1184/606 2050/2100/606 2049/2099/606 1281/1185/606
f 1283/1183/898 2051/2101/898 2050/2100/898 1282/1184/898
f 1234/1442/899 2002/2086/899 2001/2085/899 1233/1443/899
f 1284/1182/900 2052/2102/900 2051/2101/900 1283/1183/900
f 1235/1441/901 2003/2087/901 2002/2086/901 1234/1442/901
f 1285/1181/902 2053/2103/902 2052/2102/902 1284/1182/902
f 1236/1440/576 2004/2088/576 2003/2087/576 1235/1441/576
f 1286/1180/903 2054/2104/903 2053/2103/903 1285/1181/903
f 1237/1439/573 2005/2089/573 2004/2088/573 1236/1440/573
f 1287/1179/904 2055/2105/904 2054/2104/904 1286/1180/904
f 1238/1438/905 2006/2090/905 2005/2089/905 1237/1439/905
f 1288/1178/57 2056/2106/57 2055/2105/57 1287/1179/57
f 1239/1437/62 2007/2091/62 2006/2090/62 1238/1438/62
f 1289/1177/906 2057/2107/906 2056/2106/906 1288/1178/906
f 1240/1436/907 2008/2060/907 2007/2091/907 1239/1437/907
f 1290/1514/908 2058/2108/908 2057/2107/908 1289/1177/908
f 1241/1435/909 2009/2061/909 2008/2060/909 1240/1436/909
f 1291/1513/910 2059/2109/910 2058/2108/910 1290/1514/910
f 1242/1470/911 2010/2062/911 2009/2061/911 1241/1435/911
f 1292/1512/912 2060/2110/912 2059/2109/912 1291/1513/912
f 1243/1469/592 2011/2063/592 2010/2062/592 1242/1470/592
f 1293/1511/888 2061/2111/888 2060/2110/888 1292/1512/888
f 1244/1468/913 2012/2064/913 2011/2063/913 1243/1469/913
f 1294/1510/914 2062/2112/914 2061/2111/914 1293/1511/914
f 1245/1467/915 2013/2065/915 2012/2064/915 1244/1468/915
f 1295/1509/916 2063/2113/916 2062/2112/916 1294/1510/916
f 1246/1466/917 2014/2066/917 2013/2065/917 1245/1467/917
f 1296/1508/918 2064/2114/918 2063/2113/918 1295/1509/918
f 1247/1465/919 2015/2067/919 2014/2066/919 1246/1466/919
f 1265/1507/920 2033/2115/920 2064/2114/920 1296/1508/920
f 1248/1464/921 2016/2068/921 2015/2067/921 1247/1465/921
f 1249/1463/494 2017/2069/494 2016/2068/494 1248/1464/494
f 1250/1462/922 2018/2070/922 2017/2069/922 1249/1463/922
f 1298/1493/923 2066/2129/923 2065/2128/923 1297/1494/923
f 1251/1461/924 2019/2071/924 2018/2070/924 1250/1462/924
f 1202/1422/925 1970/2054/925 1969/2053/925 1201/1423/925
f 1299/1492/926 2067/2130/926 2066/2129/926 1298/1493/926
f 1252/1460/927 2020/2072/927 2019/2071/927 1251/1461/927
f 1203/1421/928 1971/2055/928 1970/2054/928 1202/1422/928
f 1300/1491/929 2068/2131/929 2067/2130/929 1299/1492/929
f 1253/1459/930 2021/2073/930 2020/2072/930 1252/1460/930
f 1204/1420/931 1972/2056/931 1971/2055/931 1203/1421/931
f 1301/1490/932 2069/2132/932 2068/2131/932 1300/1491/932
f 1254/1458/933 2022/2074/933 2021/2073/933 1253/1459/933
f 1205/1419/101 1973/2057/101 1972/2056/101 1204/1420/101
f 1302/1489/934 2070/2133/934 2069/2132/934 1301/1490/934
f 1255/1457/935 2023/2075/935 2022/2074/935 1254/1458/935
f 1206/1418/936 1974/2058/936 1973/2057/936 1205/1419/936
f 1303/1488/937 2071/2134/937 2070/2133/937 1302/1489/937
f 1256/1456/938 2024/2076/938 2023/2075/938 1255/1457/938
f 1207/1417/939 1975/2059/939 1974/2058/939 1206/1418/939
f 1304/1487/940 2072/2135/940 2071/2134/940 1303/1488/940
f 1257/1451/941 2025/2077/941 2024/2076/941 1256/1456/941
f 1208/1416/942 1976/2030/942 1975/2059/942 1207/1417/942
f 1305/1486/943 2073/2136/943 2072/2135/943 1304/1487/943
f 1258/1450/944 2026/2078/944 2025/2077/944 1257/1451/944
f 1209/1415/945 1977/2031/945 1976/2030/945 1208/1416/945
f 1306/1531/946 2074/2137/946 2073/2136/946 1305/1486/946
f 1259/1449/947 2027/2079/947 2026/2078/947 1258/1450/947
f 1210/1485/948 1978/2032/948 1977/2031/948 1209/1415/948
f 1307/1530/617 2075/2138/617 2074/2137/617 1306/1531/617
f 1260/1448/949 2028/2080/949 2027/2079/949 1259/1449/949
f 1211/1484/950 1979/2033/950 1978/2032/950 1210/1485/950
f 1308/1529/951 2076/2139/951 2075/2138/951 1307/1530/951
f 1261/1447/952 2029/2081/952 2028/2080/952 1260/1448/952
f 1212/1483/87 1980/2034/87 1979/2033/87 1211/1484/87
f 1309/1528/891 2077/2140/891 2076/2139/891 1308/1529/891
f 1262/1446/953 2030/2082/953 2029/2081/953 1261/1447/953
f 1213/1482/553 1981/2035/553 1980/2034/553 1212/1483/553
f 1310/1527/954 2078/2141/954 2077/2140/954 1309/1528/954
f 1263/1445/955 2031/2083/955 2030/2082/955 1262/1446/955
f 1214/1481/956 1982/2036/956 1981/2035/956 1213/1482/956
f 1311/1526/957 2079/2142/957 2078/2141/957 1310/1527/957
f 1264/1444/958 2032/2084/958 2031/2083/958 1263/1445/958
f 1215/1480/610 1983/2037/610 1982/2036/610 1214/1481/610
f 1312/1525/959 2080/2143/959 2079/2142/959 1311/1526/959
f 1233/1443/960 2001/2085/960 2032/2084/960 1264/1444/960
f 1216/1479/959 1984/2038/959 1983/2037/959 1215/1480/959
f 1313/1524/155 2081/2144/155 2080/2143/155 1312/1525/155
f 1217/1478/961 1985/2039/961 1984/2038/961 1216/1479/961
f 1314/1523/962 2082/2145/962 2081/2144/962 1313/1524/962
f 1218/1477/963 1986/2040/963 1985/2039/963 1217/1478/963
f 1315/1522/898 2083/2146/898 2082/2145/898 1314/1523/898
f 1266/1506/151 2034/2116/151 2033/2115/151 1265/1507/151
f 1219/1476/964 1987/2041/964 1986/2040/964 1218/1477/964
f 1316/1521/965 2084/2147/965 2083/2146/965 1315/1522/965
f 1267/1505/425 2035/2117/425 2034/2116/425 1266/1506/425
f 1220/1475/966 1988/2042/966 1987/2041/966 1219/1476/966
f 1317/1520/967 2085/2148/967 2084/2147/967 1316/1521/967
f 1268/1504/968 2036/2118/968 2035/2117/968 1267/1505/968
f 1221/1474/969 1989/2043/969 1988/2042/969 1220/1475/969
f 1318/1519/136 2086/2149/136 2085/2148/136 1317/1520/136
f 1269/1503/508 2037/2119/508 2036/2118/508 1268/1504/508
f 1222/1473/633 1990/2044/633 1989/2043/633 1221/1474/633
f 1319/1518/970 2087/2150/970 2086/2149/970 1318/1519/970
f 1270/1502/971 2038/2120/971 2037/2119/971 1269/1503/971
f 1223/1472/972 1991/2045/972 1990/2044/972 1222/1473/972
f 1320/1517/973 2088/2121/973 2087/2150/973 1319/1518/973
f 1271/1501/974 2039/1532/974 2038/2120/974 1270/1502/974
f 1224/1471/569 1992/1516/569 1991/2045/569 1223/1472/569
f 1321/1455/975 2089/1454/975 2088/2121/975 1320/1517/975
o question_Plane
v -0.634406 1.477618 1.079860
v -0.342660 1.477618 1.079860
v -0.634406 1.784416 1.079860
v -0.342660 1.714236 1.079860
v -0.482461 1.941893 1.079860
v -0.268837 1.787809 1.079860
v 0.476951 1.940341 1.079860
v 0.256473 1.786155 1.079860
v 0.624686 1.788552 1.079860
v 0.334561 1.711776 1.079860
v 0.624686 1.329952 1.079860
v 0.334561 1.412390 1.079860
v 0.479518 1.181251 1.079860
v 0.260210 1.340305 1.079860
v 0.210428 1.178112 1.079860
v -0.003131 1.339429 1.079860
v 0.142931 1.107657 1.079860
v -0.152574 1.190407 1.079860
v 0.142931 0.906829 1.079860
v -0.152574 0.907249 1.079860
v -0.154521 0.518272 1.079860
v 0.144551 0.518272 1.079860
v -0.154521 0.669042 1.079860
v 0.144551 0.669042 1.079860
v -0.658758 1.792783 1.052435
v -0.658758 1.455430 1.052435
v -0.318308 1.455430 1.052435
v -0.318308 1.705622 1.052435
v -0.493460 1.964098 1.052435
v -0.258138 1.765587 1.052435
v 0.487921 1.962511 1.052435
v 0.246033 1.764000 1.052435
v 0.649038 1.796973 1.052435
v 0.310208 1.702873 1.052435
v 0.649038 1.321512 1.052435
v 0.310208 1.421180 1.052435
v 0.490573 1.159190 1.052435
v 0.249641 1.362458 1.052435
v 0.221620 1.156052 1.052435
v -0.013903 1.361582 1.052435
v 0.167284 1.099335 1.052435
v -0.176927 1.199017 1.052435
v -0.176927 0.885096 1.052435
v 0.167284 0.884606 1.052435
v -0.178874 0.691230 1.052435
v -0.178874 0.496084 1.052435
v 0.168903 0.496084 1.052435
v 0.168903 0.691230 1.052435
v -0.318308 1.455430 0.966722
v -0.658758 1.455430 0.966722
v -0.176927 1.199017 0.966722
v -0.013903 1.361582 0.966722
v 0.649038 1.796973 0.966722
v 0.649038 1.321512 0.966722
v -0.318308 1.705622 0.966722
v 0.167284 0.884606 0.966722
v -0.176927 0.885096 0.966722
v 0.310208 1.421180 0.966722
v 0.310208 1.702873 0.966722
v -0.658758 1.792783 0.966722
v -0.493460 1.964098 0.966722
v 0.167284 1.099335 0.966722
v 0.490573 1.159190 0.966722
v -0.258138 1.765587 0.966722
v 0.249641 1.362458 0.966722
v 0.487921 1.962511 0.966722
v 0.221620 1.156052 0.966722
v 0.246033 1.764000 0.966722
v -0.178874 0.691230 0.966722
v 0.168903 0.691230 0.966722
v -0.178874 0.496084 0.966722
v 0.168903 0.496084 0.966722
vt 0.070024 0.113699
vt 0.070024 0.886301
vt 0.929976 0.886301
vt 0.929976 0.113699
vt 0.048304 0.057640
vt 0.016534 0.945598
vt 0.018287 0.984853
vt 0.017689 0.999058
vt 0.016493 0.999568
vt 0.019002 1.000608
vt 0.024091 1.001190
vt 0.130346 1.005727
vt 0.125580 1.006401
vt 0.071579 1.002186
vt 0.931085 1.003870
vt 0.951441 1.011023
vt 0.935929 1.007329
vt 0.789111 1.004267
vt 0.792317 1.002575
vt 0.772645 0.999123
vt 0.746765 0.997932
vt 0.743765 0.968262
vt 0.778231 0.895663
vt 0.898032 0.057501
vt 1.000000 1.000000
vt 0.000000 1.000000
vt 0.000000 0.000000
vt 1.000000 0.000000
vt 1.000000 1.000000
vt 1.000000 1.000000
vt 1.000000 1.000000
vt 1.000000 1.000000
vt 1.000000 1.000000
vt 1.000000 1.000000
vt 0.000000 1.000000
vt 0.000000 1.000000
vt 0.000000 1.000000
vt 0.000000 1.000000
vt 0.000000 1.000000
vt 0.000000 1.000000
vt 0.000000 1.000000
vt 0.000000 1.000000
vt 0.000000 1.000000
vt 0.000000 0.000000
vt 1.000000 0.000000
vt 1.000000 1.000000
vt 1.000000 1.000000
vt 1.000000 1.000000
vt 0.000000 0.000000
vt 0.000000 1.000000
vt 1.000000 0.000000
vt 1.000000 1.000000
vt 0.000000 1.000000
vt 1.000000 1.000000
vt 0.000000 1.000000
vt 1.000000 1.000000
vt 0.000000 1.000000
vt 1.000000 1.000000
vt 0.000000 1.000000
vt 1.000000 1.000000
vt 0.000000 1.000000
vt 1.000000 1.000000
vt 0.000000 1.000000
vt 1.000000 1.000000
vt 0.000000 1.000000
vt 1.000000 1.000000
vt 0.000000 1.000000
vt 1.000000 1.000000
vt 0.000000 0.000000
vt 0.000000 1.000000
vt 1.000000 0.000000
vt 1.000000 1.000000
vn 0.0000 0.0000 -1.0000
vn 0.0000 0.0000 1.0000
vn 0.7477 0.0000 -0.6640
vn 0.0000 0.7774 -0.6290
vn -0.7477 0.0000 -0.6640
vn 0.5481 -0.5288 -0.6480
vn -0.5380 0.5399 -0.6473
vn -0.0013 -0.7774 -0.6290
vn 0.0024 0.7774 -0.6290
vn -0.5459 -0.5313 -0.6479
vn 0.5262 0.5524 -0.6465
vn -0.5451 0.5322 -0.6478
vn 0.5308 -0.5475 -0.6469
vn -0.0091 0.7774 -0.6290
vn 0.0026 -0.7774 -0.6290
vn -0.5499 0.5268 -0.6481
vn 0.5382 -0.5397 -0.6473
vn 0.0011 0.7774 -0.6290
vn 0.0000 -0.7774 -0.6290
vn 0.6897 0.7241 0.0000
vn -0.7221 0.6918 0.0000
vn 1.0000 0.0000 0.0000
vn -0.7166 -0.6975 0.0000
vn 0.0033 -1.0000 0.0000
vn 0.0031 1.0000 0.0000
vn -0.0117 0.9999 0.0000
vn -0.0016 -1.0000 0.0000
vn 0.6961 -0.7180 0.0000
vn -0.7059 0.7083 0.0000
vn -0.7156 0.6986 0.0000
vn -1.0000 0.0000 0.0000
vn 0.7196 -0.6944 0.0000
vn 0.0014 1.0000 0.0000
vn 0.7061 -0.7081 0.0000
vn 0.0000 1.0000 0.0000
vn 0.0000 -1.0000 0.0000
usemtl Material.001
s off
f 2117/2151/976 2119/2152/976 2120/2153/976 2118/2154/976
f 2097/2155/976 2099/2156/976 2101/2157/976 2103/2158/976 2105/2159/976 2107/2160/976 2109/2161/976 2111/2162/976 2113/2163/976 2115/2164/976 2116/2165/976 2114/2166/976 2112/2167/976 2110/2168/976 2108/2169/976 2106/2170/976 2104/2171/976 2102/2172/976 2100/2173/976 2098/2174/976
f 2166/2175/977 2165/2176/977 2167/2177/977 2168/2178/977
f 2155/2179/977 2154/2180/977 2161/2181/977 2148/2182/977 2147/2183/977 2153/2184/977 2152/2185/977 2158/2186/977 2163/2187/977 2159/2188/977 2150/2189/977 2149/2190/977 2162/2191/977 2157/2192/977 2156/2193/977 2146/2194/977 2145/2195/977 2151/2196/977 2160/2197/977 2164/2198/977
f 2099/2156/978 2097/2155/978 2122/2199/978 2121/2200/978
f 2097/2155/979 2098/2174/979 2123/2201/979 2122/2199/979
f 2098/2174/980 2100/2173/980 2124/2202/980 2123/2201/980
f 2101/2157/981 2099/2156/981 2121/2200/981 2125/2203/981
f 2100/2173/982 2102/2172/982 2126/2204/982 2124/2202/982
f 2103/2158/983 2101/2157/983 2125/2203/983 2127/2205/983
f 2102/2172/984 2104/2171/984 2128/2206/984 2126/2204/984
f 2105/2159/985 2103/2158/985 2127/2205/985 2129/2207/985
f 2104/2171/986 2106/2170/986 2130/2208/986 2128/2206/986
f 2107/2160/980 2105/2159/980 2129/2207/980 2131/2209/980
f 2106/2170/978 2108/2169/978 2132/2210/978 2130/2208/978
f 2109/2161/987 2107/2160/987 2131/2209/987 2133/2211/987
f 2108/2169/988 2110/2168/988 2134/2212/988 2132/2210/988
f 2111/2162/989 2109/2161/989 2133/2211/989 2135/2213/989
f 2110/2168/990 2112/2167/990 2136/2214/990 2134/2212/990
f 2113/2163/991 2111/2162/991 2135/2213/991 2137/2215/991
f 2112/2167/992 2114/2166/992 2138/2216/992 2136/2214/992
f 2116/2165/993 2115/2164/993 2140/2217/993 2139/2218/993
f 2115/2164/980 2113/2163/980 2137/2215/980 2140/2217/980
f 2114/2166/978 2116/2165/978 2139/2218/978 2138/2216/978
f 2119/2152/978 2117/2151/978 2142/2219/978 2141/2220/978
f 2117/2151/979 2118/2154/979 2143/2221/979 2142/2219/979
f 2118/2154/980 2120/2153/980 2144/2222/980 2143/2221/980
f 2120/2153/994 2119/2152/994 2141/2220/994 2144/2222/994
f 2128/2206/995 2130/2208/995 2155/2179/995 2164/2198/995
f 2137/2215/996 2135/2213/996 2163/2187/996 2158/2186/996
f 2121/2200/997 2122/2199/997 2146/2194/997 2156/2193/997
f 2129/2207/998 2127/2205/998 2162/2191/998 2149/2190/998
f 2134/2212/999 2136/2214/999 2148/2182/999 2161/2181/999
f 2126/2204/1000 2128/2206/1000 2164/2198/1000 2160/2197/1000
f 2135/2213/1001 2133/2211/1001 2159/2188/1001 2163/2187/1001
f 2127/2205/1002 2125/2203/1002 2157/2192/1002 2162/2191/1002
f 2132/2210/1003 2134/2212/1003 2161/2181/1003 2154/2180/1003
f 2138/2216/997 2139/2218/997 2153/2184/997 2147/2183/997
f 2124/2202/1004 2126/2204/1004 2160/2197/1004 2151/2196/1004
f 2133/2211/1005 2131/2209/1005 2150/2189/1005 2159/2188/1005
f 2140/2217/1006 2137/2215/1006 2158/2186/1006 2152/2185/1006
f 2125/2203/1007 2121/2200/1007 2156/2193/1007 2157/2192/1007
f 2130/2208/997 2132/2210/997 2154/2180/997 2155/2179/997
f 2139/2218/1008 2140/2217/1008 2152/2185/1008 2153/2184/1008
f 2123/2201/1006 2124/2202/1006 2151/2196/1006 2145/2195/1006
f 2131/2209/1006 2129/2207/1006 2149/2190/1006 2150/2189/1006
f 2136/2214/1009 2138/2216/1009 2147/2183/1009 2148/2182/1009
f 2122/2199/1010 2123/2201/1010 2145/2195/1010 2146/2194/1010
f 2143/2221/1006 2144/2222/1006 2166/2175/1006 2168/2178/1006
f 2142/2219/1010 2143/2221/1010 2168/2178/1010 2167/2177/1010
f 2141/2220/997 2142/2219/997 2167/2177/997 2165/2176/997
f 2144/2222/1011 2141/2220/1011 2165/2176/1011 2166/2175/1011
o question.001_Plane.001
v 0.630314 1.477621 -1.079521
v 0.338568 1.477621 -1.079521
v 0.630314 1.784419 -1.079521
v 0.338568 1.714239 -1.079521
v 0.478369 1.941895 -1.079521
v 0.264745 1.787812 -1.079521
v -0.481043 1.940344 -1.079521
v -0.260565 1.786158 -1.079521
v -0.628778 1.788555 -1.079521
v -0.338653 1.711779 -1.079521
v -0.628778 1.329955 -1.079521
v -0.338653 1.412393 -1.079521
v -0.483610 1.181253 -1.079521
v -0.264302 1.340308 -1.079521
v -0.214520 1.178114 -1.079521
v -0.000961 1.339432 -1.079521
v -0.147023 1.107659 -1.079521
v 0.148482 1.190409 -1.079521
v -0.147023 0.906832 -1.079521
v 0.148482 0.907252 -1.079521
v 0.150429 0.518275 -1.079521
v -0.148643 0.518275 -1.079521
v 0.150429 0.669045 -1.079521
v -0.148643 0.669045 -1.079521
v 0.654666 1.792785 -1.052096
v 0.654666 1.455433 -1.052096
v 0.314216 1.455433 -1.052096
v 0.314216 1.705625 -1.052096
v 0.489368 1.964101 -1.052096
v 0.254046 1.765590 -1.052096
v -0.492013 1.962514 -1.052096
v -0.250125 1.764003 -1.052096
v -0.653130 1.796976 -1.052096
v -0.314300 1.702876 -1.052096
v -0.653130 1.321515 -1.052096
v -0.314300 1.421183 -1.052096
v -0.494665 1.159193 -1.052096
v -0.253733 1.362461 -1.052096
v -0.225712 1.156055 -1.052096
v 0.009811 1.361584 -1.052096
v -0.171376 1.099338 -1.052096
v 0.172835 1.199019 -1.052096
v 0.172835 0.885098 -1.052096
v -0.171376 0.884609 -1.052096
v 0.174782 0.691233 -1.052096
v 0.174782 0.496087 -1.052096
v -0.172995 0.496087 -1.052096
v -0.172995 0.691233 -1.052096
v 0.314216 1.455433 -0.966384
v 0.654666 1.455433 -0.966384
v 0.172835 1.199019 -0.966384
v 0.009811 1.361584 -0.966384
v -0.653130 1.796976 -0.966384
v -0.653130 1.321515 -0.966384
v 0.314216 1.705625 -0.966384
v -0.171376 0.884609 -0.966384
v 0.172835 0.885098 -0.966384
v -0.314300 1.421183 -0.966384
v -0.314300 1.702876 -0.966384
v 0.654666 1.792785 -0.966384
v 0.489368 1.964101 -0.966384
v -0.171376 1.099338 -0.966384
v -0.494665 1.159193 -0.966384
v 0.254046 1.765590 -0.966384
v -0.253733 1.362461 -0.966384
v -0.492013 1.962514 -0.966384
v -0.225712 1.156055 -0.966384
v -0.250125 1.764003 -0.966384
v 0.174782 0.691233 -0.966384
v -0.172995 0.691233 -0.966384
v 0.174782 0.496087 -0.966384
v -0.172995 0.496087 -0.966384
vt 0.070024 0.113699
vt 0.070024 0.886301
vt 0.929976 0.886301
vt 0.929976 0.113699
vt 0.048304 0.057640
vt 0.016534 0.945598
vt 0.018287 0.984853
vt 0.017689 0.999058
vt 0.016493 0.999568
vt 0.019002 1.000608
vt 0.024091 1.001190
vt 0.130346 1.005727
vt 0.125580 1.006401
vt 0.071579 1.002186
vt 0.931085 1.003870
vt 0.951441 1.011023
vt 0.935929 1.007329
vt 0.789111 1.004267
vt 0.792317 1.002575
vt 0.772645 0.999123
vt 0.746765 0.997932
vt 0.743765 0.968262
vt 0.778231 0.895663
vt 0.898032 0.057501
vt 1.000000 1.000000
vt 0.000000 1.000000
vt 0.000000 0.000000
vt 1.000000 0.000000
vt 1.000000 1.000000
vt 1.000000 1.000000
vt 1.000000 1.000000
vt 1.000000 1.000000
vt 1.000000 1.000000
vt 1.000000 1.000000
vt 0.000000 1.000000
vt 0.000000 1.000000
vt 0.000000 1.000000
vt 0.000000 1.000000
vt 0.000000 1.000000
vt 0.000000 1.000000
vt 0.000000 1.000000
vt 0.000000 1.000000
vt 0.000000 1.000000
vt 0.000000 0.000000
vt 1.000000 0.000000
vt 1.000000 1.000000
vt 1.000000 1.000000
vt 1.000000 1.000000
vt 0.000000 0.000000
vt 0.000000 1.000000
vt 1.000000 0.000000
vt 1.000000 1.000000
vt 0.000000 1.000000
vt 1.000000 1.000000
vt 0.000000 1.000000
vt 1.000000 1.000000
vt 0.000000 1.000000
vt 1.000000 1.000000
vt 0.000000 1.000000
vt 1.000000 1.000000
vt 0.000000 1.000000
vt 1.000000 1.000000
vt 0.000000 1.000000
vt 1.000000 1.000000
vt 0.000000 1.000000
vt 1.000000 1.000000
vt 0.000000 1.000000
vt 1.000000 1.000000
vt 0.000000 0.000000
vt 0.000000 1.000000
vt 1.000000 0.000000
vt 1.000000 1.000000
vn 0.0000 0.0000 1.0000
vn 0.0000 0.0000 -1.0000
vn -0.7477 0.0000 0.6640
vn 0.0000 0.7774 0.6290
vn 0.7477 0.0000 0.6640
vn -0.5481 -0.5288 0.6480
vn 0.5380 0.5399 0.6473
vn 0.0013 -0.7774 0.6290
vn -0.0024 0.7774 0.6290
vn 0.5459 -0.5313 0.6479
vn -0.5262 0.5524 0.6465
vn 0.5451 0.5322 0.6478
vn -0.5308 -0.5475 0.6469
vn 0.0091 0.7774 0.6290
vn -0.0026 -0.7774 0.6290
vn 0.5499 0.5268 0.6481
vn -0.5382 -0.5397 0.6474
vn -0.0011 0.7774 0.6290
vn 0.0000 -0.7774 0.6290
vn -0.6897 0.7241 0.0000
vn 0.7221 0.6918 0.0000
vn -1.0000 0.0000 0.0000
vn 0.7166 -0.6975 0.0000
vn -0.0033 -1.0000 0.0000
vn -0.0031 1.0000 0.0000
vn 0.0117 0.9999 0.0000
vn 0.0016 -1.0000 0.0000
vn -0.6961 -0.7180 0.0000
vn 0.7059 0.7083 0.0000
vn 0.7156 0.6986 0.0000
vn 1.0000 0.0000 0.0000
vn -0.7196 -0.6944 0.0000
vn -0.0014 1.0000 0.0000
vn -0.7061 -0.7081 0.0000
vn 0.0000 1.0000 0.0000
vn 0.0000 -1.0000 0.0000
usemtl Material.001
s off
f 2189/2223/1012 2191/2224/1012 2192/2225/1012 2190/2226/1012
f 2169/2227/1012 2171/2228/1012 2173/2229/1012 2175/2230/1012 2177/2231/1012 2179/2232/1012 2181/2233/1012 2183/2234/1012 2185/2235/1012 2187/2236/1012 2188/2237/1012 2186/2238/1012 2184/2239/1012 2182/2240/1012 2180/2241/1012 2178/2242/1012 2176/2243/1012 2174/2244/1012 2172/2245/1012 2170/2246/1012
f 2238/2247/1013 2237/2248/1013 2239/2249/1013 2240/2250/1013
f 2227/2251/1013 2226/2252/1013 2233/2253/1013 2220/2254/1013 2219/2255/1013 2225/2256/1013 2224/2257/1013 2230/2258/1013 2235/2259/1013 2231/2260/1013 2222/2261/1013 2221/2262/1013 2234/2263/1013 2229/2264/1013 2228/2265/1013 2218/2266/1013 2217/2267/1013 2223/2268/1013 2232/2269/1013 2236/2270/1013
f 2171/2228/1014 2169/2227/1014 2194/2271/1014 2193/2272/1014
f 2169/2227/1015 2170/2246/1015 2195/2273/1015 2194/2271/1015
f 2170/2246/1016 2172/2245/1016 2196/2274/1016 2195/2273/1016
f 2173/2229/1017 2171/2228/1017 2193/2272/1017 2197/2275/1017
f 2172/2245/1018 2174/2244/1018 2198/2276/1018 2196/2274/1018
f 2175/2230/1019 2173/2229/1019 2197/2275/1019 2199/2277/1019
f 2174/2244/1020 2176/2243/1020 2200/2278/1020 2198/2276/1020
f 2177/2231/1021 2175/2230/1021 2199/2277/1021 2201/2279/1021
f 2176/2243/1022 2178/2242/1022 2202/2280/1022 2200/2278/1022
f 2179/2232/1016 2177/2231/1016 2201/2279/1016 2203/2281/1016
f 2178/2242/1014 2180/2241/1014 2204/2282/1014 2202/2280/1014
f 2181/2233/1023 2179/2232/1023 2203/2281/1023 2205/2283/1023
f 2180/2241/1024 2182/2240/1024 2206/2284/1024 2204/2282/1024
f 2183/2234/1025 2181/2233/1025 2205/2283/1025 2207/2285/1025
f 2182/2240/1026 2184/2239/1026 2208/2286/1026 2206/2284/1026
f 2185/2235/1027 2183/2234/1027 2207/2285/1027 2209/2287/1027
f 2184/2239/1028 2186/2238/1028 2210/2288/1028 2208/2286/1028
f 2188/2237/1029 2187/2236/1029 2212/2289/1029 2211/2290/1029
f 2187/2236/1016 2185/2235/1016 2209/2287/1016 2212/2289/1016
f 2186/2238/1014 2188/2237/1014 2211/2290/1014 2210/2288/1014
f 2191/2224/1014 2189/2223/1014 2214/2291/1014 2213/2292/1014
f 2189/2223/1015 2190/2226/1015 2215/2293/1015 2214/2291/1015
f 2190/2226/1016 2192/2225/1016 2216/2294/1016 2215/2293/1016
f 2192/2225/1030 2191/2224/1030 2213/2292/1030 2216/2294/1030
f 2200/2278/1031 2202/2280/1031 2227/2251/1031 2236/2270/1031
f 2209/2287/1032 2207/2285/1032 2235/2259/1032 2230/2258/1032
f 2193/2272/1033 2194/2271/1033 2218/2266/1033 2228/2265/1033
f 2201/2279/1034 2199/2277/1034 2234/2263/1034 2221/2262/1034
f 2206/2284/1035 2208/2286/1035 2220/2254/1035 2233/2253/1035
f 2198/2276/1036 2200/2278/1036 2236/2270/1036 2232/2269/1036
f 2207/2285/1037 2205/2283/1037 2231/2260/1037 2235/2259/1037
f 2199/2277/1038 2197/2275/1038 2229/2264/1038 2234/2263/1038
f 2204/2282/1039 2206/2284/1039 2233/2253/1039 2226/2252/1039
f 2210/2288/1033 2211/2290/1033 2225/2256/1033 2219/2255/1033
f 2196/2274/1040 2198/2276/1040 2232/2269/1040 2223/2268/1040
f 2205/2283/1041 2203/2281/1041 2222/2261/1041 2231/2260/1041
f 2212/2289/1042 2209/2287/1042 2230/2258/1042 2224/2257/1042
f 2197/2275/1043 2193/2272/1043 2228/2265/1043 2229/2264/1043
f 2202/2280/1033 2204/2282/1033 2226/2252/1033 2227/2251/1033
f 2211/2290/1044 2212/2289/1044 2224/2257/1044 2225/2256/1044
f 2195/2273/1042 2196/2274/1042 2223/2268/1042 2217/2267/1042
f 2203/2281/1042 2201/2279/1042 2221/2262/1042 2222/2261/1042
f 2208/2286/1045 2210/2288/1045 2219/2255/1045 2220/2254/1045
f 2194/2271/1046 2195/2273/1046 2217/2267/1046 2218/2266/1046
f 2215/2293/1042 2216/2294/1042 2238/2247/1042 2240/2250/1042
f 2214/2291/1046 2215/2293/1046 2240/2250/1046 2239/2249/1046
f 2213/2292/1033 2214/2291/1033 2239/2249/1033 2237/2248/1033
f 2216/2294/1047 2213/2292/1047 2237/2248/1047 2238/2247/1047
o question.002_Plane.002
v -1.078799 1.477621 -0.625850
v -1.078799 1.477621 -0.334104
v -1.078799 1.784419 -0.625850
v -1.078799 1.714239 -0.334104
v -1.078799 1.941895 -0.473905
v -1.078799 1.787812 -0.260281
v -1.078799 1.940344 0.485507
v -1.078799 1.786158 0.265028
v -1.078799 1.788555 0.633242
v -1.078799 1.711779 0.343117
v -1.078799 1.329955 0.633242
v -1.078799 1.412393 0.343117
v -1.078799 1.181253 0.488074
v -1.078799 1.340308 0.268766
v -1.078799 1.178114 0.218984
v -1.078799 1.339432 0.005425
v -1.078799 1.107659 0.151487
v -1.078799 1.190409 -0.144019
v -1.078799 0.906832 0.151487
v -1.078799 0.907252 -0.144019
v -1.078799 0.518275 -0.145965
v -1.078799 0.518275 0.153107
v -1.078799 0.669045 -0.145965
v -1.078799 0.669045 0.153107
v -1.051374 1.792785 -0.650202
v -1.051374 1.455433 -0.650202
v -1.051374 1.455433 -0.309752
v -1.051374 1.705625 -0.309752
v -1.051374 1.964101 -0.484904
v -1.051374 1.765590 -0.249582
v -1.051374 1.962514 0.496477
v -1.051374 1.764003 0.254589
v -1.051374 1.796976 0.657594
v -1.051374 1.702876 0.318764
v -1.051374 1.321515 0.657594
v -1.051374 1.421183 0.318764
v -1.051374 1.159193 0.499129
v -1.051374 1.362461 0.258197
v -1.051374 1.156055 0.230176
v -1.051374 1.361584 -0.005347
v -1.051374 1.099338 0.175840
v -1.051374 1.199019 -0.168371
v -1.051374 0.885098 -0.168371
v -1.051374 0.884609 0.175840
v -1.051374 0.691233 -0.170318
v -1.051374 0.496087 -0.170318
v -1.051374 0.496087 0.177459
v -1.051374 0.691233 0.177459
v -0.965662 1.455433 -0.309752
v -0.965662 1.455433 -0.650202
v -0.965662 1.199019 -0.168371
v -0.965662 1.361584 -0.005347
v -0.965662 1.796976 0.657594
v -0.965662 1.321515 0.657594
v -0.965662 1.705625 -0.309752
v -0.965662 0.884609 0.175840
v -0.965662 0.885098 -0.168371
v -0.965662 1.421183 0.318764
v -0.965662 1.702876 0.318764
v -0.965662 1.792785 -0.650202
v -0.965662 1.964101 -0.484904
v -0.965662 1.099338 0.175840
v -0.965662 1.159193 0.499129
v -0.965662 1.765590 -0.249582
v -0.965662 1.362461 0.258197
v -0.965662 1.962514 0.496477
v -0.965662 1.156055 0.230176
v -0.965662 1.764003 0.254589
v -0.965662 0.691233 -0.170318
v -0.965662 0.691233 0.177459
v -0.965662 0.496087 -0.170318
v -0.965662 0.496087 0.177459
vt 0.070024 0.113699
vt 0.070024 0.886301
vt 0.929976 0.886301
vt 0.929976 0.113699
vt 0.048304 0.057640
vt 0.016534 0.945598
vt 0.018287 0.984853
vt 0.017689 0.999058
vt 0.016493 0.999568
vt 0.019002 1.000608
vt 0.024091 1.001190
vt 0.130346 1.005727
vt 0.125580 1.006401
vt 0.071579 1.002186
vt 0.931085 1.003870
vt 0.951441 1.011023
vt 0.935929 1.007329
vt 0.789111 1.004267
vt 0.792317 1.002575
vt 0.772645 0.999123
vt 0.746765 0.997932
vt 0.743765 0.968262
vt 0.778231 0.895663
vt 0.898032 0.057501
vt 1.000000 1.000000
vt 0.000000 1.000000
vt 0.000000 0.000000
vt 1.000000 0.000000
vt 1.000000 1.000000
vt 1.000000 1.000000
vt 1.000000 1.000000
vt 1.000000 1.000000
vt 1.000000 1.000000
vt 1.000000 1.000000
vt 0.000000 1.000000
vt 0.000000 1.000000
vt 0.000000 1.000000
vt 0.000000 1.000000
vt 0.000000 1.000000
vt 0.000000 1.000000
vt 0.000000 1.000000
vt 0.000000 1.000000
vt 0.000000 1.000000
vt 0.000000 0.000000
vt 1.000000 0.000000
vt 1.000000 1.000000
vt 1.000000 1.000000
vt 1.000000 1.000000
vt 0.000000 0.000000
vt 0.000000 1.000000
vt 1.000000 0.000000
vt 1.000000 1.000000
vt 0.000000 1.000000
vt 1.000000 1.000000
vt 0.000000 1.000000
vt 1.000000 1.000000
vt 0.000000 1.000000
vt 1.000000 1.000000
vt 0.000000 1.000000
vt 1.000000 1.000000
vt 0.000000 1.000000
vt 1.000000 1.000000
vt 0.000000 1.000000
vt 1.000000 1.000000
vt 0.000000 1.000000
vt 1.000000 1.000000
vt 0.000000 1.000000
vt 1.000000 1.000000
vt 0.000000 0.000000
vt 0.000000 1.000000
vt 1.000000 0.000000
vt 1.000000 1.000000
vn 1.0000 0.0000 0.0000
vn -1.0000 0.0000 0.0000
vn 0.6640 0.0000 0.7477
vn 0.6290 0.7774 0.0000
vn 0.6640 0.0000 -0.7477
vn 0.6480 -0.5288 0.5481
vn 0.6473 0.5399 -0.5380
vn 0.6290 -0.7774 -0.0013
vn 0.6290 0.7774 0.0024
vn 0.6479 -0.5313 -0.5459
vn 0.6465 0.5524 0.5262
vn 0.6478 0.5322 -0.5451
vn 0.6469 -0.5475 0.5308
vn 0.6290 0.7774 -0.0091
vn 0.6290 -0.7774 0.0026
vn 0.6481 0.5268 -0.5499
vn 0.6473 -0.5397 0.5382
vn 0.6290 0.7774 0.0011
vn 0.6290 -0.7774 0.0000
vn 0.0000 0.7241 0.6897
vn 0.0000 0.6918 -0.7221
vn 0.0000 0.0000 1.0000
vn 0.0000 -0.6975 -0.7166
vn 0.0000 -1.0000 0.0033
vn 0.0000 1.0000 0.0031
vn 0.0000 0.9999 -0.0117
vn 0.0000 -1.0000 -0.0016
vn 0.0000 -0.7180 0.6961
vn 0.0000 0.7083 -0.7059
vn 0.0000 0.6986 -0.7156
vn 0.0000 0.0000 -1.0000
vn 0.0000 -0.6944 0.7196
vn 0.0000 1.0000 0.0014
vn 0.0000 -0.7081 0.7061
vn 0.0000 1.0000 0.0000
vn 0.0000 -1.0000 0.0000
usemtl Material.001
s off
f 2261/2295/1048 2263/2296/1048 2264/2297/1048 2262/2298/1048
f 2241/2299/1048 2243/2300/1048 2245/2301/1048 2247/2302/1048 2249/2303/1048 2251/2304/1048 2253/2305/1048 2255/2306/1048 2257/2307/1048 2259/2308/1048 2260/2309/1048 2258/2310/1048 2256/2311/1048 2254/2312/1048 2252/2313/1048 2250/2314/1048 2248/2315/1048 2246/2316/1048 2244/2317/1048 2242/2318/1048
f 2310/2319/1049 2309/2320/1049 2311/2321/1049 2312/2322/1049
f 2299/2323/1049 2298/2324/1049 2305/2325/1049 2292/2326/1049 2291/2327/1049 2297/2328/1049 2296/2329/1049 2302/2330/1049 2307/2331/1049 2303/2332/1049 2294/2333/1049 2293/2334/1049 2306/2335/1049 2301/2336/1049 2300/2337/1049 2290/2338/1049 2289/2339/1049 2295/2340/1049 2304/2341/1049 2308/2342/1049
f 2243/2300/1050 2241/2299/1050 2266/2343/1050 2265/2344/1050
f 2241/2299/1051 2242/2318/1051 2267/2345/1051 2266/2343/1051
f 2242/2318/1052 2244/2317/1052 2268/2346/1052 2267/2345/1052
f 2245/2301/1053 2243/2300/1053 2265/2344/1053 2269/2347/1053
f 2244/2317/1054 2246/2316/1054 2270/2348/1054 2268/2346/1054
f 2247/2302/1055 2245/2301/1055 2269/2347/1055 2271/2349/1055
f 2246/2316/1056 2248/2315/1056 2272/2350/1056 2270/2348/1056
f 2249/2303/1057 2247/2302/1057 2271/2349/1057 2273/2351/1057
f 2248/2315/1058 2250/2314/1058 2274/2352/1058 2272/2350/1058
f 2251/2304/1052 2249/2303/1052 2273/2351/1052 2275/2353/1052
f 2250/2314/1050 2252/2313/1050 2276/2354/1050 2274/2352/1050
f 2253/2305/1059 2251/2304/1059 2275/2353/1059 2277/2355/1059
f 2252/2313/1060 2254/2312/1060 2278/2356/1060 2276/2354/1060
f 2255/2306/1061 2253/2305/1061 2277/2355/1061 2279/2357/1061
f 2254/2312/1062 2256/2311/1062 2280/2358/1062 2278/2356/1062
f 2257/2307/1063 2255/2306/1063 2279/2357/1063 2281/2359/1063
f 2256/2311/1064 2258/2310/1064 2282/2360/1064 2280/2358/1064
f 2260/2309/1065 2259/2308/1065 2284/2361/1065 2283/2362/1065
f 2259/2308/1052 2257/2307/1052 2281/2359/1052 2284/2361/1052
f 2258/2310/1050 2260/2309/1050 2283/2362/1050 2282/2360/1050
f 2263/2296/1050 2261/2295/1050 2286/2363/1050 2285/2364/1050
f 2261/2295/1051 2262/2298/1051 2287/2365/1051 2286/2363/1051
f 2262/2298/1052 2264/2297/1052 2288/2366/1052 2287/2365/1052
f 2264/2297/1066 2263/2296/1066 2285/2364/1066 2288/2366/1066
f 2272/2350/1067 2274/2352/1067 2299/2323/1067 2308/2342/1067
f 2281/2359/1068 2279/2357/1068 2307/2331/1068 2302/2330/1068
f 2265/2344/1069 2266/2343/1069 2290/2338/1069 2300/2337/1069
f 2273/2351/1070 2271/2349/1070 2306/2335/1070 2293/2334/1070
f 2278/2356/1071 2280/2358/1071 2292/2326/1071 2305/2325/1071
f 2270/2348/1072 2272/2350/1072 2308/2342/1072 2304/2341/1072
f 2279/2357/1073 2277/2355/1073 2303/2332/1073 2307/2331/1073
f 2271/2349/1074 2269/2347/1074 2301/2336/1074 2306/2335/1074
f 2276/2354/1075 2278/2356/1075 2305/2325/1075 2298/2324/1075
f 2282/2360/1069 2283/2362/1069 2297/2328/1069 2291/2327/1069
f 2268/2346/1076 2270/2348/1076 2304/2341/1076 2295/2340/1076
f 2277/2355/1077 2275/2353/1077 2294/2333/1077 2303/2332/1077
f 2284/2361/1078 2281/2359/1078 2302/2330/1078 2296/2329/1078
f 2269/2347/1079 2265/2344/1079 2300/2337/1079 2301/2336/1079
f 2274/2352/1069 2276/2354/1069 2298/2324/1069 2299/2323/1069
f 2283/2362/1080 2284/2361/1080 2296/2329/1080 2297/2328/1080
f 2267/2345/1078 2268/2346/1078 2295/2340/1078 2289/2339/1078
f 2275/2353/1078 2273/2351/1078 2293/2334/1078 2294/2333/1078
f 2280/2358/1081 2282/2360/1081 2291/2327/1081 2292/2326/1081
f 2266/2343/1082 2267/2345/1082 2289/2339/1082 2290/2338/1082
f 2287/2365/1078 2288/2366/1078 2310/2319/1078 2312/2322/1078
f 2286/2363/1082 2287/2365/1082 2312/2322/1082 2311/2321/1082
f 2285/2364/1069 2286/2363/1069 2311/2321/1069 2309/2320/1069
f 2288/2366/1083 2285/2364/1083 2309/2320/1083 2310/2319/1083
o question.003_Plane.003
v 1.079575 1.477621 0.625489
v 1.079575 1.477621 0.333743
v 1.079575 1.784419 0.625489
v 1.079575 1.714239 0.333743
v 1.079575 1.941895 0.473543
v 1.079575 1.787812 0.259919
v 1.079575 1.940344 -0.485868
v 1.079575 1.786158 -0.265390
v 1.079575 1.788555 -0.633603
v 1.079575 1.711779 -0.343478
v 1.079575 1.329955 -0.633603
v 1.079575 1.412393 -0.343478
v 1.079575 1.181253 -0.488435
v 1.079575 1.340308 -0.269127
v 1.079575 1.178114 -0.219345
v 1.079575 1.339432 -0.005786
v 1.079575 1.107659 -0.151849
v 1.079575 1.190409 0.143657
v 1.079575 0.906832 -0.151849
v 1.079575 0.907252 0.143657
v 1.079575 0.518275 0.145604
v 1.079575 0.518275 -0.153468
v 1.079575 0.669045 0.145604
v 1.079575 0.669045 -0.153468
v 1.052150 1.792785 0.649841
v 1.052150 1.455433 0.649841
v 1.052150 1.455433 0.309390
v 1.052150 1.705625 0.309390
v 1.052150 1.964101 0.484543
v 1.052150 1.765590 0.249221
v 1.052150 1.962514 -0.496839
v 1.052150 1.764003 -0.254950
v 1.052150 1.796976 -0.657956
v 1.052150 1.702876 -0.319125
v 1.052150 1.321515 -0.657956
v 1.052150 1.421183 -0.319125
v 1.052150 1.159193 -0.499491
v 1.052150 1.362461 -0.258558
v 1.052150 1.156055 -0.230537
v 1.052150 1.361584 0.004986
v 1.052150 1.099338 -0.176201
v 1.052150 1.199019 0.168010
v 1.052150 0.885098 0.168010
v 1.052150 0.884609 -0.176201
v 1.052150 0.691233 0.169956
v 1.052150 0.496087 0.169956
v 1.052150 0.496087 -0.177821
v 1.052150 0.691233 -0.177821
v 0.966438 1.455433 0.309390
v 0.966438 1.455433 0.649841
v 0.966438 1.199019 0.168010
v 0.966438 1.361584 0.004986
v 0.966438 1.796976 -0.657956
v 0.966438 1.321515 -0.657956
v 0.966438 1.705625 0.309390
v 0.966438 0.884609 -0.176201
v 0.966438 0.885098 0.168010
v 0.966438 1.421183 -0.319125
v 0.966438 1.702876 -0.319125
v 0.966438 1.792785 0.649841
v 0.966438 1.964101 0.484543
v 0.966438 1.099338 -0.176201
v 0.966438 1.159193 -0.499491
v 0.966438 1.765590 0.249221
v 0.966438 1.362461 -0.258558
v 0.966438 1.962514 -0.496839
v 0.966438 1.156055 -0.230537
v 0.966438 1.764003 -0.254950
v 0.966438 0.691233 0.169956
v 0.966438 0.691233 -0.177821
v 0.966438 0.496087 0.169956
v 0.966438 0.496087 -0.177821
vt 0.070024 0.113699
vt 0.070024 0.886301
vt 0.929976 0.886301
vt 0.929976 0.113699
vt 0.048304 0.057640
vt 0.016534 0.945598
vt 0.018287 0.984853
vt 0.017689 0.999058
vt 0.016493 0.999568
vt 0.019002 1.000608
vt 0.024091 1.001190
vt 0.130346 1.005727
vt 0.125580 1.006401
vt 0.071579 1.002186
vt 0.931085 1.003870
vt 0.951441 1.011023
vt 0.935929 1.007329
vt 0.789111 1.004267
vt 0.792317 1.002575
vt 0.772645 0.999123
vt 0.746765 0.997932
vt 0.743765 0.968262
vt 0.778231 0.895663
vt 0.898032 0.057501
vt 1.000000 1.000000
vt 0.000000 1.000000
vt 0.000000 0.000000
vt 1.000000 0.000000
vt 1.000000 1.000000
vt 1.000000 1.000000
vt 1.000000 1.000000
vt 1.000000 1.000000
vt 1.000000 1.000000
vt 1.000000 1.000000
vt 0.000000 1.000000
vt 0.000000 1.000000
vt 0.000000 1.000000
vt 0.000000 1.000000
vt 0.000000 1.000000
vt 0.000000 1.000000
vt 0.000000 1.000000
vt 0.000000 1.000000
vt 0.000000 1.000000
vt 0.000000 0.000000
vt 1.000000 0.000000
vt 1.000000 1.000000
vt 1.000000 1.000000
vt 1.000000 1.000000
vt 0.000000 0.000000
vt 0.000000 1.000000
vt 1.000000 0.000000
vt 1.000000 1.000000
vt 0.000000 1.000000
vt 1.000000 1.000000
vt 0.000000 1.000000
vt 1.000000 1.000000
vt 0.000000 1.000000
vt 1.000000 1.000000
vt 0.000000 1.000000
vt 1.000000 1.000000
vt 0.000000 1.000000
vt 1.000000 1.000000
vt 0.000000 1.000000
vt 1.000000 1.000000
vt 0.000000 1.000000
vt 1.000000 1.000000
vt 0.000000 1.000000
vt 1.000000 1.000000
vt 0.000000 0.000000
vt 0.000000 1.000000
vt 1.000000 0.000000
vt 1.000000 1.000000
vn -1.0000 0.0000 0.0000
vn 1.0000 0.0000 0.0000
vn -0.6640 0.0000 -0.7477
vn -0.6290 0.7774 -0.0000
vn -0.6640 0.0000 0.7477
vn -0.6480 -0.5288 -0.5481
vn -0.6473 0.5399 0.5380
vn -0.6290 -0.7774 0.0013
vn -0.6290 0.7774 -0.0024
vn -0.6479 -0.5313 0.5459
vn -0.6465 0.5524 -0.5262
vn -0.6478 0.5322 0.5451
vn -0.6469 -0.5475 -0.5308
vn -0.6290 0.7774 0.0091
vn -0.6290 -0.7774 -0.0026
vn -0.6481 0.5268 0.5499
vn -0.6473 -0.5397 -0.5382
vn -0.6290 0.7774 -0.0011
vn -0.6290 -0.7774 -0.0000
vn 0.0000 0.7241 -0.6897
vn 0.0000 0.6918 0.7221
vn 0.0000 0.0000 -1.0000
vn 0.0000 -0.6975 0.7166
vn 0.0000 -1.0000 -0.0033
vn 0.0000 1.0000 -0.0031
vn 0.0000 0.9999 0.0117
vn 0.0000 -1.0000 0.0016
vn 0.0000 -0.7180 -0.6961
vn 0.0000 0.7083 0.7059
vn 0.0000 0.6986 0.7156
vn 0.0000 0.0000 1.0000
vn 0.0000 -0.6944 -0.7196
vn 0.0000 1.0000 -0.0014
vn 0.0000 -0.7081 -0.7061
vn 0.0000 1.0000 0.0000
vn 0.0000 -1.0000 0.0000
usemtl Material.001
s off
f 2333/2367/1084 2335/2368/1084 2336/2369/1084 2334/2370/1084
f 2313/2371/1084 2315/2372/1084 2317/2373/1084 2319/2374/1084 2321/2375/1084 2323/2376/1084 2325/2377/1084 2327/2378/1084 2329/2379/1084 2331/2380/1084 2332/2381/1084 2330/2382/1084 2328/2383/1084 2326/2384/1084 2324/2385/1084 2322/2386/1084 2320/2387/1084 2318/2388/1084 2316/2389/1084 2314/2390/1084
f 2382/2391/1085 2381/2392/1085 2383/2393/1085 2384/2394/1085
f 2371/2395/1085 2370/2396/1085 2377/2397/1085 2364/2398/1085 2363/2399/1085 2369/2400/1085 2368/2401/1085 2374/2402/1085 2379/2403/1085 2375/2404/1085 2366/2405/1085 2365/2406/1085 2378/2407/1085 2373/2408/1085 2372/2409/1085 2362/2410/1085 2361/2411/1085 2367/2412/1085 2376/2413/1085 2380/2414/1085
f 2315/2372/1086 2313/2371/1086 2338/2415/1086 2337/2416/1086
f 2313/2371/1087 2314/2390/1087 2339/2417/1087 2338/2415/1087
f 2314/2390/1088 2316/2389/1088 2340/2418/1088 2339/2417/1088
f 2317/2373/1089 2315/2372/1089 2337/2416/1089 2341/2419/1089
f 2316/2389/1090 2318/2388/1090 2342/2420/1090 2340/2418/1090
f 2319/2374/1091 2317/2373/1091 2341/2419/1091 2343/2421/1091
f 2318/2388/1092 2320/2387/1092 2344/2422/1092 2342/2420/1092
f 2321/2375/1093 2319/2374/1093 2343/2421/1093 2345/2423/1093
f 2320/2387/1094 2322/2386/1094 2346/2424/1094 2344/2422/1094
f 2323/2376/1088 2321/2375/1088 2345/2423/1088 2347/2425/1088
f 2322/2386/1086 2324/2385/1086 2348/2426/1086 2346/2424/1086
f 2325/2377/1095 2323/2376/1095 2347/2425/1095 2349/2427/1095
f 2324/2385/1096 2326/2384/1096 2350/2428/1096 2348/2426/1096
f 2327/2378/1097 2325/2377/1097 2349/2427/1097 2351/2429/1097
f 2326/2384/1098 2328/2383/1098 2352/2430/1098 2350/2428/1098
f 2329/2379/1099 2327/2378/1099 2351/2429/1099 2353/2431/1099
f 2328/2383/1100 2330/2382/1100 2354/2432/1100 2352/2430/1100
f 2332/2381/1101 2331/2380/1101 2356/2433/1101 2355/2434/1101
f 2331/2380/1088 2329/2379/1088 2353/2431/1088 2356/2433/1088
f 2330/2382/1086 2332/2381/1086 2355/2434/1086 2354/2432/1086
f 2335/2368/1086 2333/2367/1086 2358/2435/1086 2357/2436/1086
f 2333/2367/1087 2334/2370/1087 2359/2437/1087 2358/2435/1087
f 2334/2370/1088 2336/2369/1088 2360/2438/1088 2359/2437/1088
f 2336/2369/1102 2335/2368/1102 2357/2436/1102 2360/2438/1102
f 2344/2422/1103 2346/2424/1103 2371/2395/1103 2380/2414/1103
f 2353/2431/1104 2351/2429/1104 2379/2403/1104 2374/2402/1104
f 2337/2416/1105 2338/2415/1105 2362/2410/1105 2372/2409/1105
f 2345/2423/1106 2343/2421/1106 2378/2407/1106 2365/2406/1106
f 2350/2428/1107 2352/2430/1107 2364/2398/1107 2377/2397/1107
f 2342/2420/1108 2344/2422/1108 2380/2414/1108 2376/2413/1108
f 2351/2429/1109 2349/2427/1109 2375/2404/1109 2379/2403/1109
f 2343/2421/1110 2341/2419/1110 2373/2408/1110 2378/2407/1110
f 2348/2426/1111 2350/2428/1111 2377/2397/1111 2370/2396/1111
f 2354/2432/1105 2355/2434/1105 2369/2400/1105 2363/2399/1105
f 2340/2418/1112 2342/2420/1112 2376/2413/1112 2367/2412/1112
f 2349/2427/1113 2347/2425/1113 2366/2405/1113 2375/2404/1113
f 2356/2433/1114 2353/2431/1114 2374/2402/1114 2368/2401/1114
f 2341/2419/1115 2337/2416/1115 2372/2409/1115 2373/2408/1115
f 2346/2424/1105 2348/2426/1105 2370/2396/1105 2371/2395/1105
f 2355/2434/1116 2356/2433/1116 2368/2401/1116 2369/2400/1116
f 2339/2417/1114 2340/2418/1114 2367/2412/1114 2361/2411/1114
f 2347/2425/1114 2345/2423/1114 2365/2406/1114 2366/2405/1114
f 2352/2430/1117 2354/2432/1117 2363/2399/1117 2364/2398/1117
f 2338/2415/1118 2339/2417/1118 2361/2411/1118 2362/2410/1118
f 2359/2437/1114 2360/2438/1114 2382/2391/1114 2384/2394/1114
f 2358/2435/1118 2359/2437/1118 2384/2394/1118 2383/2393/1118
f 2357/2436/1105 2358/2435/1105 2383/2393/1105 2381/2392/1105
f 2360/2438/1119 2357/2436/1119 2381/2392/1119 2382/2391/1119
